datetime,13.135,32.107,43.062,51.038,60.042,69.45,82.066,91.988,102.096,122.911,134.076,142.674,152.077,172.045,182.089,202.082,210.059,226.085,237.056,242.087,252.124,274.072,287.997,292.095,299.135
1997-05-19,0.0,0.0,0.0,0.0,0.0,0.0,0.0,0.0,0.0,0.0,0.0,0.0,0.0,0.0,0.0,0.0,0.0,0.0,0.0,0.0,0.0,0.0,0.0,0.0,
1997-06-02,-1.8554468631737109,2.855446863173711,-2.0,1.0,-1.0,0.0,-2.0,1.0,-1.0,0.0,-1.0,0.0,-2.0,0.0,0.0,-1.0,-1.0,3.0,0.0,-1.0,0.0,-1.0,1.0,1.0,
1997-07-01,0.5985739334646496,-0.6268083739705617,-4.474792186905688,2.240372365427902,2.378392983642698,-14.125638279103441,-2.607364550829516,-0.9599035759310937,-6.049189588491572,-4.0729518187145,3.3502418693096843,2.4577176752791274,-5.454716954758624,-2.8461401300446596,-0.36081243597436696,0.810841967118904,-0.6452521391329356,1.8502358735131565,0.40987776379915886,-0.5680064798798412,-2.1859418025997,-0.741968784132041,0.4544394865515642,-3.1428157591144554,
1997-08-15,0.999999999996362,1.000000000003638,-2.0,1.0,-3.0,-2.0,-1.0,-3.0,-10.0,5.0,-3.0,-1.0,0.0,-6.0,0.0,-1.0,2.0,-1.0,-3.0,5.0,-4.0,1.0,2.0,1.0,
1997-09-09,1.0,1.0,-1.0,0.0,-2.0,-1.0,-2.0,-2.0,-5.0,-5.0,-6.0,-3.0,-28.07537538849283,23.07537538849283,0.0,0.0,0.0,2.0,-0.5,-0.5,1.0,-27.46366793580819,22.96366793580819,-25.73465548508102,
1997-10-06,-0.1503182595515682,-0.3277710931179172,-3.739396770579333,0.43728757929056883,-1.6373033399650012,-12.460587336769095,-4.52245602280891,-4.093486819125246,-10.294736412281054,-10.254291137098335,-2.971089629922062,0.013769240584224463,8.774405119824223,0.0,4.0,-5.0,-1.0,2.0,0.0,0.0,2.0,-1.0,-1.5,1.5,
1997-11-04,-0.8743022274065879,1.3109412410267396,-4.564359337739006,-0.13008405848086113,-3.064356222996139,-11.791884712307365,-5.163314764373354,-5.131799005903304,-11.699171660700813,-12.235397073498461,-5.071032221399946,-0.8620163189189043,-11.292889515374554,-1.2577337257971521,1.411709957581479,10.85232865990838,-2.0,3.0,0.0,-2.0,-10.934311462391634,11.934311462391634,-1.0,-13.67282303556567,
1997-12-10,-2.0,2.0,-3.0,-2.0,-6.0,-5.0,-5.0,-7.0,-16.308590961096343,-14.131438646989409,-7.189115084300283,-1.7944190932030324,-12.810590058012167,1.2341538436012343,1.0,-2.0,-1.0,3.0,-1.0,-2.0,0.19031864631688222,0.8096813536831178,-1.0,-2.3000832496909425,
1998-01-14,-1.0,0.0,-3.0,-2.0,-5.0,-9.0,-5.0,-8.0,-13.0,-15.0,-13.0,-5.0,-15.0,0.0,0.0,0.0,-1.0,1.0,-1.0,1.0,-1.0,0.0,-1.0,0.0,
1998-02-04,-2.0,1.0,-3.0,-2.0,-6.0,-9.0,-7.0,-9.0,-14.0,-16.0,-14.0,-6.0,-16.0,1.0,-1.0,-1.0,-1.0,2.0,0.0,-1.0,-1.0,1.0,-2.0,1.0,
1998-03-06,-0.999999999996362,0.999999999996362,-3.0,-2.0,-7.0,-9.0,-7.0,-9.0,-16.0,-18.0,-16.0,-7.0,-16.0,0.0,-1.0,-1.0,-1.0,3.0,0.0,-2.0,2.0,-2.0,-2.0,2.0,
1998-04-10,-1.3144036023186345,-1.0,-3.0,-2.0,-8.0,-9.0,-10.0,-9.0,-18.0,-20.0,-18.0,-8.0,-18.0,-1.0,0.0,0.0,-2.0,3.0,0.0,-1.0,0.0,0.0,-1.0,0.0,
1998-05-05,-0.6549599561694777,-1.0,-1.0,-3.0,-8.0,-12.0,-8.0,-12.0,-18.0,-21.0,-20.0,-8.0,-10.0,-11.0,1.0,-6.0,4.0,2.0,0.0,-1.0,1.0,-1.0,-1.0,0.0,
1998-06-01,-0.5753889174484357,0.4879470372579817,-4.3294667428708635,-2.883596462685091,-8.87107740053034,-13.225777526240563,-9.53822303263587,-12.105843890894903,-21.48435620199598,-24.568822852204903,-19.23411119278171,-7.8583115239162,-21.85254796591471,0.10412133822683245,2.5156847492035013,0.02731579716783017,-1.0445106478582602,1.4587283340806607,0.23506835420266725,-0.9337746004166547,-2.116035424405709,0.4944002245902084,-2.2587576005607843,0.07712913525756449,
1998-07-01,-0.2130864039500011,0.5482870249907137,-4.834053029226197,-3.201032603101339,-9.4404154281292,-13.790678480174392,-10.138601873753942,-13.066606525564566,-22.90349150428665,-26.19078991562128,-21.128536721982528,-8.9455570266,-23.46104906112305,0.25884904112899676,2.477530757081695,-0.04879697089199908,-1.0901642437966075,1.432229969126638,0.18497888898127712,-0.9193189399957191,-2.162104006303707,0.5229832784389146,-2.3782472171005793,0.2482912329141982,
1998-08-01,-0.09295548974478152,0.48554744641660363,-4.984840354452899,-3.4995368882155162,-10.024730052762607,-14.324705712118885,-10.731519006905728,-14.020374103245558,-24.313874604704324,-27.776612460700562,-23.007536240125773,-10.060774211684475,-25.068941045203246,0.37271408989909105,2.3789637724112254,-0.1278511598939076,-1.1306412873091176,1.404888168501202,0.1368920218956191,-0.9091307304042857,-2.1979115188878495,0.5440953433862887,-2.485128888511099,0.4066778827109374,
1998-09-01,-0.26727232450502925,0.315927802304941,-4.751141852255387,-3.7779491479159333,-10.627917221623647,-14.818051771333558,-11.319684683185187,-14.965660856178147,-25.715534483402735,-29.327271552523598,-24.869416962290416,-11.199672177783214,-26.6767658549943,0.44593633417389356,2.2238010837172624,-0.2072808953234926,-1.1702310316031799,1.3771940115257166,0.0919296353822574,-0.9017151673906483,-2.224960418592673,0.557470285682939,-2.5795205900794826,0.5517514992970973,
1998-10-14,-1.999999999996362,-1.000000000003638,-2.0,-4.0,-11.0,-15.0,-11.0,-16.0,-25.0,-40.0,-18.0,-13.0,-28.0,1.0,-1.0,0.0,-2.0,2.0,0.0,-2.0,-2.0,2.0,-1.0,2.0,
1998-11-06,-3.0,1.0,-3.0,-4.0,-11.0,-14.0,-11.0,-15.0,-26.0,-40.44310778880026,-16.556892211199738,-15.0,-28.0,0.0,-1.0,0.0,-1.0,1.0,0.0,-1.0,0.0,0.0,-1.0,1.0,
1998-12-04,-1.999999999996362,-3.637978807091713e-12,-4.0,-3.0,-12.0,-15.0,-12.0,-16.0,-28.0,-31.0,-30.0,-15.0,-29.0,-1.0,-1.0,0.0,-1.0,1.0,0.0,-1.0,-1.0,1.0,-2.0,1.0,
1999-01-05,-1.999999999996362,-3.637978807091713e-12,-4.0,-4.0,-11.0,-16.0,-14.0,-18.0,-28.0,-32.0,-33.0,-16.0,-30.0,0.0,-2.0,0.0,-1.0,1.0,0.0,-1.0,-1.0,0.0,0.0,0.0,
1999-02-02,-1.999999999996362,-1.000000000003638,-4.0,-4.0,-12.0,-18.0,-13.0,-18.0,-32.0,-34.0,-33.0,-15.0,-36.0,1.0,-1.0,0.0,-2.0,1.0,1.0,-1.0,-1.0,0.0,-1.0,0.0,
1999-03-02,-3.0,0.0,-4.0,-5.0,-15.0,-17.0,-15.0,-20.0,-33.0,-37.91882092031301,-32.08117907968699,-17.0,-36.0,-1.0,0.0,-1.0,-1.0,1.0,0.0,0.0,-2.0,1.0,-2.0,2.0,
1999-04-06,-2.999999999996362,-3.637978807091713e-12,-5.0,-5.0,-14.0,-19.0,-16.0,-21.0,-35.0,-37.0,-37.0,-19.0,-38.0,1.0,-1.0,-2.0,-1.0,2.5,-0.5,0.0,-2.0,2.0,-4.0,0.0,
1999-05-04,-2.0,-1.5,-4.0,-6.0,-13.5,-21.0,-15.0,-21.0,-37.0,-41.0,-37.0,-19.0,-39.5,-0.5,0.5,-3.5,0.0,0.0,0.0,0.5,-1.5,-3.5762785174301825,0.5762785174301825,-2.4073830316774547,
1999-06-01,-2.0,-1.0,-5.0,-4.0,-13.0,-22.0,-16.0,-22.0,-37.0,-40.0,-40.0,-21.0,-40.0,-1.0,-1.0,-1.0,-2.0,2.0,0.0,-1.0,-2.0,0.0,-12.180625000910368,1.4456980006070808,
1999-07-13,-2.5,0.0,-4.0,-5.0,-14.0,-21.0,-17.0,-23.0,-38.0,-41.5,-42.5,-22.0,-42.0,-1.5,-1.5,-1.0,-2.0,1.0,0.0,-1.0,-1.0,-1.0,-11.549198923166841,1.5241105640889145,
1999-08-17,-4.23902067698873,-0.1589491754093615,0.8979698523980915,-5.5,-15.0,-21.0,-17.0,-23.0,-39.0,-44.0,-44.0,-23.0,-43.0,-2.0,5.0,-7.5,-2.5,2.0,0.0,0.0,-20.0215908587561,19.0215908587561,-21.859593142406084,19.859593142406084,
1999-09-14,-1.999999999996362,-1.7901997332701285,-3.2098002667335095,-8.216245220690325,-16.07607087209908,-18.707683907210594,-18.0,-25.0,-47.132451832294464,-37.867548167705536,-53.95439543487737,-16.04560456512263,-55.547977630689275,7.5479776306892745,-11.832234289991902,10.832234289991902,-2.0,1.0,0.0,-1.0,-14.280665865342598,0.3713622752111405,-3.2122740561608225,1.5994645371101797,
1999-10-07,-3.0,-1.0,-4.0,-6.0,-15.0,-23.0,-19.0,-25.0,-43.0,-45.0,-47.0,-25.0,-42.0,-6.0,-3.0,-1.0,-2.0,2.0,-1.0,-1.0,-1.0,1.0,-2.0,1.0,
1999-11-02,-2.0,-1.0,-4.0,-7.0,-16.0,-24.0,-18.0,-26.0,-44.0,-46.0,-48.0,-26.0,-44.0,-6.0,-4.0,0.0,-2.0,1.0,0.0,-1.0,-1.0,-1.0,-2.0,2.0,
1999-12-07,-1.999999999996362,-3.000000000003638,-3.0,-6.0,-17.0,-26.0,-20.0,-28.0,-46.0,-49.0,-50.09758327581221,-29.96219723080867,-50.31076569989091,-2.62945379348821,-3.0,-2.0,-2.0,1.0,0.0,-1.0,-2.0,1.0,-3.0,1.0,
2000-01-05,-3.0,-2.0,-4.0,-7.0,-18.0,-27.0,-21.0,-29.0,-42.06705585749296,-57.93294414250704,-44.931742417800706,-31.30395481811138,-54.764302764087915,-7.0,-4.0,-2.0,-1.0,1.0,0.0,-2.0,0.0,-3.0,-1.0,2.0,
2000-02-16,-3.0,-2.0,-5.0,-8.0,-18.0,-28.0,-23.0,-32.0,-52.0,-53.0,-54.0,-33.0,-51.0,-8.0,-4.0,-3.0,-3.0,1.0,0.0,-1.0,-2.0,1.0,-3.0,2.0,
2000-03-14,-2.0,-3.5,-4.5,-7.0,-20.0,-29.0,-23.0,-33.0,-54.0,-54.0,-57.0,-34.0,-54.0,-8.0,-6.0,-2.0,-3.0,1.0,0.5,-1.0,-2.5,0.5,-1.5,1.0,
2000-04-11,-3.0,-2.0,-4.0,-9.0,-18.0,-33.0,-22.0,-34.0,-55.0,-55.0,-59.0,-36.0,-56.0,-8.0,-7.0,-1.5,-1.5,0.0,0.0,-2.0,0.0,-2.0,-2.0,1.0,
2000-05-09,-2.0,-3.0,-5.0,-7.0,-19.0,-31.0,-24.0,-34.0,-58.0,-55.0,-61.0,-36.0,-58.0,-9.0,-7.0,-2.0,-3.0,2.0,-1.0,-1.0,-2.0,0.0,-2.0,0.0,
2000-06-21,-1.0,-2.0,-6.0,-6.0,-19.0,-31.0,-24.0,-36.0,-46.369913894101046,-55.91747022169875,-59.50047315561096,-37.95987121918006,-59.886093593988335,-5.682921687111957,-10.467624799610348,-2.1183974263840355,-1.9336212837079074,1.1395960767986253,-0.7066266591136809,-1.129782197473105,-2.001367111923173,-0.1405015959753655,-2.744997272558976,1.584504533733707,
2000-07-31,-3.0,-1.0,-4.0,-7.0,-20.0,-32.0,-25.0,-36.0,-59.0,-59.0,-64.0,-41.0,-64.0,-9.0,-11.0,-2.0,-3.0,2.0,-1.0,-1.0,1.0,-4.0,0.0,0.0,
2000-08-29,-0.999999999996362,-2.000000000003638,-5.0,-7.0,-19.0,-34.0,-25.0,-36.0,-60.0,-61.0,-64.0,-43.0,-65.0,-9.0,-12.0,-2.0,-2.0,0.0,0.0,0.0,-2.0,1.0,-4.0,3.0,
2000-09-01,-1.6046852765757649,-1.9932350548915565,-6.0471551615337376,-7.064721904083854,-19.937030194501858,-30.172955467322026,-24.144125597566017,-35.19773404185253,-57.27943359888741,-58.97233843548747,-63.26469453563914,-41.87821530576912,-64.74384072309476,-7.517179435119033,-13.678347738605225,-2.4064414201129694,-2.0291515468852594,1.1472048388095573,-0.7990683247044217,-1.1936988434172235,-1.9399849418841768,-0.26011378201656044,-2.6321301705902442,1.5730230250046588,
2000-10-03,-2.0,-2.0,-4.0,-8.0,-22.0,-34.0,-26.0,-38.0,-62.0,-62.0,-67.0,-45.0,-67.0,-10.0,-13.0,-3.0,-1.0,1.0,-1.0,-1.0,-2.0,2.0,-5.0,1.0,
2000-10-31,-3.0,-2.0,-4.0,-8.0,-20.0,-32.0,-26.0,-38.0,-61.0,-62.0,-69.0,-45.0,-70.0,-11.0,-14.0,-2.0,-3.0,2.0,0.0,-2.0,0.0,-2.0,-1.0,0.0,
2000-11-01,-2.6171759759818087,-2.9360669978013902,-4.604204451876285,-7.167705042294983,-20.614585583003645,-31.921518797476892,-25.429003689598176,-37.196214914583834,-60.64231083569757,-61.834343189781066,-66.732830406836,-45.702044642472174,-69.63646337331738,-9.563858718116535,-17.142691310989903,-2.694549408799503,-2.1343698154960293,1.1564473827020265,-0.8756139428878669,-1.267436808993807,-1.906149446440395,-0.37418193626217544,-2.520827182685025,1.5578814145410433,
2000-12-05,-3.0,-3.0,-4.5,-6.5,-22.0,-34.0,-27.5,-39.5,-64.0,-64.0,-70.0,-47.0,-72.5,-11.5,-16.0,-2.0,-3.0,0.5,0.0,-2.0,-0.5,-1.0,-1.5,1.0,
2001-01-01,-3.764593581559893,-3.15349311490354,-3.500481354894873,-7.233303071006958,-21.07657365006162,-32.98471960912866,-26.24972657886974,-38.46880997373955,-62.80727444430522,-63.6515854595782,-68.89481084569707,-48.203708597429795,-72.94223352850531,-11.03341004709364,-19.584391752869124,-2.885331123310607,-2.209001041512238,1.1643778914876748,-0.9245129338814877,-1.3164098295092117,-1.8966868628922384,-0.4436999533791095,-2.4541956184548326,1.5509474534192123,
2001-02-01,-4.074074562202441,-3.0628948705380026,-3.3818868131638737,-7.270250128873158,-21.273908254392154,-33.533181125400006,-26.65060560964048,-39.0897897741379,-63.86944878430222,-64.53579600977537,-69.93716813594801,-49.440277856367175,-74.60896161419805,-11.797829451534199,-20.837422682758188,-2.9813072355173063,-2.247521252196748,1.1690150944923516,-0.9481011200114153,-1.3414509864815045,-1.8952362978016026,-0.47607510566012934,-2.4224333537276834,1.5462519283173606,
2001-03-01,-4.087573843156861,-2.8768311859057576,-3.636784861351771,-7.309153470727324,-21.444925251285895,-34.10324050417694,-27.04668176692212,-39.70229243056383,-64.92000784630363,-65.40523435287469,-70.95659451832762,-50.66649846127257,-76.28117863362422,-12.581393937580287,-22.10826946661109,-3.076166681101313,-2.2876352145103738,1.1730595155095216,-0.9707269254140556,-1.3665513089799788,-1.894963456201367,-0.5074360838043503,-2.390982064884156,1.5400768154067919,
2001-04-25,-6.5,-1.5,-4.5,-8.5,-21.0,-36.0,-28.5,-41.5,-67.0,-69.0,-73.0,-54.0,-82.0,-12.5,-24.5,-2.0,-2.0,1.0,-1.0,-2.0,-1.0,-1.0,-1.0,1.0,
2001-05-01,-3.273925951041747,-2.428728686107206,-4.9721926410420565,-7.402927861599892,-21.75556886290724,-35.28215308509243,-27.821873016655445,-40.8995710646559,-66.98394295110484,-67.09341031280928,-72.92594510418712,-53.08303943948704,-79.63414390810067,-14.207505230413517,-24.70139451729483,-3.266000343603082,-2.3711737610865384,1.1778555788914673,-1.009863832994597,-1.4158102167129982,-1.9013898760604206,-0.5663485104450956,-2.331946589751169,1.5260231191059574,
2001-06-07,-3.0,0.0,-7.0,-7.0,-21.0,-37.0,-29.0,-40.0,-70.0,-69.0,-74.0,-56.0,-84.0,-11.0,-29.0,-2.0,0.0,2.0,-5.0,-1.0,0.0,-4.0,0.0,2.0,
2001-07-02,-2.0,-1.0,-5.0,-7.0,-25.0,-36.0,-28.0,-42.0,-71.0,-69.0,-74.0,-58.0,-87.0,-10.0,-29.0,-3.0,-1.0,3.0,-4.0,-1.0,-2.0,0.0,-3.0,3.0,
2001-08-28,-2.0,-2.0,-5.0,-10.0,-23.0,-36.0,-30.0,-43.0,-73.0,-72.0,-77.0,-59.0,-88.0,-15.0,-29.0,-4.0,-2.0,1.0,0.0,-4.0,-1.0,-2.0,-1.0,2.0,
2001-09-26,-4.890401165743242,-2.586338786815759,-6.589479546462826,-7.599971494448255,-22.443980653690232,-37.41320733501925,-29.303563639434287,-43.19985139678465,-70.93647642909491,-70.27249549400585,-76.60668195018661,-57.7501093762985,-80.40744273201562,-16.0,-30.0,-4.0,-2.0,1.0,-1.0,-2.0,-1.0,-2.0,-1.0,1.0,
2001-10-31,-0.999999999996362,-5.067690121515625,-6.216866390204814,-3.7154434882831993,-26.581714873071178,-37.847195119946264,-26.57109000698256,-44.0,-73.0,-72.0,-77.0,-61.0,-88.0,-18.0,-32.0,-4.0,-3.0,1.0,0.0,-1.0,-2.0,-1.0,-2.0,2.0,
2001-11-29,-2.0,-2.0,-4.0,-8.0,-23.0,-39.0,-30.0,-44.0,-73.0,-72.0,-80.0,-60.0,-91.0,-20.0,-33.0,-2.0,-2.0,0.0,1.0,-4.0,-1.0,-2.0,0.0,0.0,
2001-12-13,-1.999999999996362,-2.000000000003638,-4.0,-7.0,-26.599391172916512,-37.40060882708349,-30.0,-46.0,-73.0,-72.0,-81.0,-60.0,-94.0,-18.0,-35.0,-1.0,-3.0,0.0,1.0,-2.0,-2.0,-2.0,-1.0,0.0,
2002-01-30,-3.0,-2.0,-4.0,-9.0,-23.0,-40.0,-31.0,-45.0,-75.0,-74.0,-80.0,-62.0,-92.0,-22.0,-37.0,-3.0,-2.0,-2.0,1.0,-5.0,-1.0,-3.0,0.0,0.0,
2002-02-26,-2.0,-2.0,-4.0,-9.0,-25.0,-39.0,-32.0,-46.0,-77.0,-75.0,-81.0,-63.0,-99.0,-20.0,-37.0,-4.0,-4.0,1.0,-1.0,-1.0,-3.0,1.0,-2.0,-1.0,
2002-03-26,-3.000000000003638,-1.999999999996362,-5.0,-8.0,-26.0,-39.0,-32.0,-47.0,-78.0,-75.0,-82.0,-65.0,-101.0,-21.0,-39.0,-4.0,-2.0,0.0,-1.0,-1.0,-3.0,1.0,-4.0,1.0,
2002-04-30,-3.000000000003638,-1.999999999996362,-7.0,-7.0,-25.0,-39.0,-33.0,-48.0,-79.0,-77.0,-83.0,-66.0,-102.0,-21.0,-42.0,-3.0,-4.0,1.0,-2.0,-1.0,-1.0,-1.0,-3.0,1.0,
2002-05-29,-2.000000000003638,-1.999999999996362,-7.0,-7.0,-25.0,-41.0,-32.0,-49.0,-79.0,-76.0,-83.0,-67.0,-103.0,-23.0,-43.0,-4.0,-3.0,1.0,-2.0,-1.0,-2.0,-1.0,-2.0,0.0,
2002-06-18,-0.999999999996362,-2.000000000003638,-7.0,-7.0,-25.0,-41.0,-32.0,-49.0,-79.0,-76.0,-86.0,-68.0,-103.0,-24.0,-45.0,-3.0,-5.0,1.0,-1.0,-1.0,-2.0,-1.0,-3.0,3.0,
2002-07-31,-1.0,-2.0,-6.0,-8.0,-24.0,-41.0,-32.0,-48.0,-79.0,-77.0,-86.0,-68.0,-104.0,-25.0,-47.0,-4.0,-3.0,0.0,-1.0,-1.0,-3.0,-1.0,-2.0,3.0,
2002-08-26,-1.0,-1.0,-7.0,-7.0,-24.0,-41.0,-33.0,-48.0,-81.0,-77.0,-87.0,-70.0,-104.0,-27.0,-48.0,-3.0,-4.0,1.0,-1.0,-1.0,-3.0,0.0,-2.0,2.0,
2002-09-13,-2.0,-3.0,-5.0,-7.0,-25.0,-41.0,-33.0,-49.0,-82.0,-77.0,-87.0,-69.0,-107.0,-27.0,-49.0,-3.0,-4.0,2.0,0.0,-3.0,-2.0,-1.0,-1.0,0.0,
2002-09-24,-2.999999999996362,-1.000000000003638,-6.0,-8.0,-24.0,-41.0,-33.0,-49.0,-81.0,-79.0,-86.0,-71.0,-106.0,-28.0,-49.0,-3.0,-4.0,1.0,-1.0,-1.0,-3.0,1.0,-3.0,1.0,
2002-10-25,-4.000000000003638,-0.999999999996362,-6.0,-8.0,-25.0,-41.0,-33.0,-49.0,-82.0,-79.0,-87.0,-71.0,-109.0,-28.0,-51.0,-3.0,-4.0,2.0,-1.0,-3.0,-3.0,1.0,-3.0,1.0,
2002-11-25,-2.999999999996362,-3.000000000003638,-7.0,-7.0,-26.0,-42.0,-33.0,-51.0,-84.0,-79.0,-88.0,-72.0,-110.0,-30.0,-51.0,-4.0,-4.0,2.0,-2.0,-1.0,-4.0,1.0,-3.0,0.0,
2002-12-23,-2.999999999996362,-3.000000000003638,-7.0,-7.0,-26.0,-43.0,-34.0,-51.0,-85.0,-81.0,-87.0,-74.0,-111.0,-32.0,-52.0,-4.0,-4.0,1.0,-3.0,-2.0,-4.0,1.0,-2.0,1.0,
2003-01-27,-4.000000000003638,-2.999999999996362,-6.0,-8.0,-25.0,-44.0,-34.0,-52.0,-84.0,-82.0,-88.0,-75.0,-113.0,-33.0,-54.0,-4.0,-4.0,1.0,-3.0,-1.0,-3.0,0.0,-1.0,1.0,
2003-02-25,-4.000000000003638,-2.999999999996362,-6.0,-8.0,-25.0,-46.0,-34.0,-51.0,-86.0,-82.0,-90.0,-75.0,-115.0,-34.0,-55.0,-5.0,-5.0,1.0,-2.0,-1.0,-3.0,1.0,-3.0,2.0,
2003-03-25,-4.000000000003638,-0.999999999996362,-4.0,-11.28097694398457,-20.71902305601543,-49.12388781759364,-35.39070240320871,-52.33017577060673,-86.92562720600108,-82.47861590010871,-90.06103977066232,-77.228373239137,-101.46157789268182,-51.65366654240643,-32.34633345759357,-30.054376487387344,-3.6112004271999467,1.0210272810945753,-1.1042441087192856,-1.9555897522950545,-2.274464983784128,-0.9484926332952455,-1.9711814282345586,1.3634913070709445,
2003-04-28,-4.000000000003638,-1.999999999996362,-6.0,-9.0,-26.0,-43.0,-35.0,-53.0,-86.0,-82.0,-88.0,-80.0,-115.0,-45.178277901926776,-49.821722098073224,-14.10069099170505,-3.6557500782073475,0.9925504129205365,-1.093385601619957,-1.9839281249733176,-2.285855646652635,-0.9751711318385787,-1.954218132130336,1.3553492614882998,
2003-05-26,-4.000000000003638,-1.999999999996362,-6.0,-9.0,-26.0,-43.0,-35.0,-53.0,-86.0,-82.0,-91.0,-80.0,-116.0,-37.0,-59.0,-6.0,-4.0,1.0,-1.0,-2.0,-3.0,-1.0,-2.0,3.0,
2003-06-23,-1.0,-3.0,-5.0,-11.747912299382733,-23.252087700617267,-44.0,-34.0,-53.0,-87.0,-82.0,-92.0,-80.0,-119.0,-37.0,-60.0,-7.0,-3.0,0.0,-1.0,-2.0,-2.0,-2.0,-1.0,2.0,
2003-07-29,-1.0,-3.0,-5.0,-11.889492930167762,-25.110507069832238,-44.0,-36.0,-53.0,-91.0,-81.0,-93.0,-81.0,-122.0,-40.0,-64.0,-5.0,-5.0,3.0,-1.0,-3.0,-2.0,0.0,-3.0,3.0,
2003-08-29,-2.0,-3.0,-6.0,-11.0,-26.0,-44.0,-37.0,-54.0,-91.0,-83.0,-82.0,-92.0,-124.0,-39.0,-66.0,-6.0,-4.0,3.0,-3.0,-3.0,0.0,-3.0,-3.0,5.0,
2003-09-30,-2.0,-5.0,-6.0,-11.0,-26.0,-45.0,-37.0,-54.0,-91.0,-84.0,-91.0,-86.0,-124.0,-42.0,-67.0,-7.0,-2.0,2.0,-3.0,-1.0,-2.0,-3.0,-1.0,2.0,
2003-10-30,-2.0,-6.0,-5.0,-11.0,-27.0,-44.0,-38.0,-55.0,-90.0,-84.0,-91.0,-86.0,-125.0,-45.0,-69.0,-6.0,-2.0,0.0,0.0,-3.0,-2.0,-1.0,-2.0,1.0,
2003-11-01,-2.70393683430666,-3.1956631431930873,-5.389813747839071,-10.013339721110242,-26.797610931447707,-46.54488325152488,-37.49708065285813,-55.41510247523547,-92.4832889547979,-86.52783091178571,-94.32759718410671,-84.01718981031445,-127.69686046169954,-44.66087123809848,-68.62868023358169,-5.750850770593388,-3.9625507173186634,0.7123416560934857,-0.9954846196924336,-2.1666557818243746,-2.3756343584682327,-1.1556663122028112,-1.8291823786566965,1.2552858730778098,
2003-12-03,-4.000000000003638,-4.999999999996362,-4.0,-12.0,-26.0,-45.0,-39.0,-53.0,-92.0,-86.0,-93.0,-85.0,-130.0,-44.0,-70.0,-5.0,-3.0,0.0,0.0,-3.0,-2.0,-2.0,-1.0,1.0,
2003-12-23,-4.0,-3.0,-4.0,-12.0,-26.0,-46.0,-38.0,-54.0,-93.0,-86.0,-94.0,-85.0,-130.0,-44.0,-72.0,-5.0,-3.0,0.0,-1.0,-3.0,-3.0,0.0,-2.0,1.0,
2004-01-13,-5.0,-4.0,-4.0,-12.0,-26.0,-46.0,-38.0,-54.0,-93.0,-87.0,-95.0,-84.0,-131.0,-46.0,-73.0,-5.0,-5.0,1.0,0.0,-2.0,-3.0,-1.0,-2.0,1.0,
2004-02-19,-5.0,-4.0,-4.0,-10.0,-26.0,-47.0,-39.0,-55.0,-94.0,-87.0,-96.0,-85.0,-133.0,-48.0,-75.0,-5.0,-4.0,0.0,0.0,-2.0,-3.0,-1.0,-2.0,1.0,
2004-03-18,-5.0,-4.0,-4.0,-10.0,-27.0,-46.0,-39.0,-56.0,-94.0,-88.0,-96.0,-86.0,-134.0,-49.0,-75.0,-5.0,-4.0,1.0,-1.0,-2.0,0.0,-3.0,-3.0,2.0,
2004-04-28,-5.0,-4.0,-4.0,-9.0,-28.0,-46.0,-39.0,-56.0,-93.0,-88.0,-98.0,-86.0,-135.0,-49.0,-77.0,-6.0,-4.0,0.0,-1.0,-1.0,-3.0,-2.0,-1.0,2.0,
2004-05-27,-5.0,-3.0,-4.0,-10.0,-28.0,-46.0,-41.0,-56.0,-96.0,-89.0,-98.0,-88.0,-135.0,-51.0,-78.0,-6.0,-5.0,1.0,-2.0,-2.0,-2.0,-1.0,-2.0,2.0,
2004-06-29,-5.0,-3.0,-5.0,-12.0,-27.0,-48.0,-41.0,-57.0,-98.0,-89.0,-98.0,-89.0,-138.0,-52.0,-80.0,-6.0,-3.0,0.0,-3.0,0.0,-3.0,-2.0,-2.0,2.0,
2004-07-29,-2.0,-2.0,-5.0,-12.0,-26.0,-49.0,-40.0,-56.0,-97.0,-90.0,-98.0,-89.0,-139.0,-51.0,-82.0,-5.0,-5.0,0.0,-1.0,-2.0,-2.0,-3.0,0.0,1.0,
2004-08-19,-2.0,-4.0,-5.0,-11.0,-26.0,-50.0,-39.0,-58.0,-96.0,-91.0,-99.0,-89.0,-140.0,-53.0,-83.0,-4.0,-5.0,-1.0,0.0,-3.0,-3.0,-1.0,-1.0,0.0,
2004-09-24,-3.0,-3.0,-5.0,-10.0,-29.0,-47.0,-40.0,-59.0,-97.0,-91.0,-100.0,-89.0,-143.0,-53.0,-83.0,-6.0,-5.0,0.0,-1.0,-1.0,-3.0,-2.0,-2.0,1.0,
2004-10-29,-3.0,-3.0,-6.0,-10.0,-29.0,-47.0,-39.0,-59.0,-99.0,-91.0,-99.0,-91.0,-143.0,-55.0,-86.0,-5.0,-4.0,0.0,0.0,-3.0,-3.0,-1.0,-2.0,1.0,
2004-11-30,-4.0,-3.0,-5.0,-10.0,-30.0,-48.0,-40.0,-61.0,-99.0,-91.0,-101.0,-93.0,-142.0,-58.0,-86.0,-5.0,-4.0,0.0,-1.0,-3.0,-3.0,-1.0,-2.0,0.0,
2004-12-31,-2.0,-3.0,-5.0,-11.0,-29.0,-48.0,-40.0,-61.0,-99.0,-92.0,-101.0,-93.0,-143.0,-59.0,-88.0,-6.0,-4.0,0.0,-2.0,-1.0,-4.0,0.0,-1.0,0.0,
2005-01-26,-2.0,-3.0,-5.0,-11.0,-29.0,-50.0,-40.0,-61.0,-99.0,-93.0,-102.0,-92.0,-147.0,-59.0,-89.0,-6.0,-5.0,0.0,-1.0,-2.0,-3.0,-1.0,-1.0,0.0,
2005-02-25,-2.999999999996362,-4.000000000003638,-5.0,-10.0,-29.0,-51.0,-40.0,-61.0,-101.0,-93.0,-101.0,-95.0,-146.0,-61.0,-91.0,-6.0,-4.0,0.0,-2.0,-1.0,-3.0,-2.0,-1.0,0.0,
2005-03-25,-1.999999999996362,-3.000000000003638,-4.0,-10.0,-30.0,-52.0,-39.0,-61.0,-102.0,-93.0,-102.0,-94.0,-148.0,-61.0,-91.0,-7.0,-4.0,0.0,-2.0,-1.0,-4.0,-2.0,-1.0,0.0,
2005-04-27,-1.999999999996362,-3.000000000003638,-5.0,-10.0,-29.0,-52.0,-40.0,-61.0,-102.0,-94.0,-102.0,-95.0,-149.0,-63.0,-93.0,-6.0,-4.0,-1.0,0.0,-1.0,-4.0,-2.0,-1.0,1.0,
2005-05-10,-2.999999999996362,-3.000000000003638,-6.0,-10.0,-29.0,-52.0,-39.0,-63.0,-101.0,-94.0,-103.0,-95.0,-150.0,-63.0,-94.0,-6.0,-3.0,-2.0,0.0,-2.0,-3.0,-2.0,-1.0,1.0,
2005-06-14,-1.999999999996362,-3.000000000003638,-6.0,-10.0,-29.0,-51.0,-40.0,-63.0,-101.0,-94.0,-104.0,-95.0,-151.0,-63.0,-95.0,-8.0,-4.0,-2.0,0.0,-2.0,-3.0,-2.0,-1.0,1.0,
2005-07-29,-1.0,-2.0,-6.0,-10.0,-29.0,-52.0,-40.0,-62.0,-103.0,-93.0,-103.0,-97.0,-153.0,-63.0,-96.0,-8.0,-4.0,-1.0,0.0,-3.0,-2.0,-2.0,-2.0,1.0,
2005-08-26,-1.0,-2.0,-6.0,-10.0,-30.0,-51.0,-40.0,-62.0,-103.0,-96.0,-101.0,-99.0,-153.0,-63.0,-97.0,-8.0,-4.0,-1.0,0.0,-3.0,-2.0,-3.0,-1.0,1.0,
2005-09-28,-0.999999999996362,-2.000000000003638,-8.0,-10.0,-30.0,-51.0,-37.0,-66.0,-104.0,-95.0,-104.0,-98.0,-154.0,-66.0,-99.0,-6.0,-5.0,0.0,-1.0,-2.0,-3.0,-2.0,-1.0,1.0,
2005-10-26,-2.0,-3.0,-6.0,-11.0,-29.0,-52.0,-39.0,-64.0,-104.0,-95.0,-104.0,-99.0,-154.0,-67.0,-100.0,-6.0,-5.0,0.0,-1.0,-3.0,-2.0,-2.0,-1.0,1.0,
2005-11-30,-2.999999999996362,-4.000000000003638,-5.0,-12.0,-29.0,-53.0,-41.0,-62.0,-106.0,-96.0,-105.0,-100.0,-155.0,-69.0,-101.0,-7.0,-5.0,1.0,-2.0,-2.0,-3.0,-2.0,-1.0,1.0,
2005-12-26,-3.000000000003638,-2.999999999996362,-6.0,-12.0,-28.0,-53.0,-43.0,-62.0,-106.0,-96.0,-105.0,-101.0,-155.0,-69.0,-102.0,-7.0,-5.0,0.0,-2.0,-2.0,-3.0,-2.0,-1.0,1.0,
2006-01-13,-3.0,-3.0,-4.0,-12.0,-31.0,-50.0,-43.0,-64.0,-105.0,-96.0,-106.0,-101.0,-155.0,-70.0,-102.0,-7.0,-5.0,0.0,-2.0,-2.0,-3.0,-1.0,-2.0,1.0,
2006-02-15,-3.0,-3.0,-5.0,-12.0,-30.0,-52.0,-42.0,-63.0,-106.0,-97.0,-105.0,-101.0,-159.0,-69.0,-104.0,-7.0,-5.0,0.0,-1.0,-2.0,-4.0,-1.0,-2.0,1.0,
2006-03-15,-3.999999999996362,-3.000000000003638,-6.0,-11.0,-30.0,-52.0,-44.0,-61.0,-107.0,-98.0,-105.0,-102.0,-159.0,-69.0,-105.0,-8.0,-6.0,2.0,-2.0,-1.0,-5.0,-1.0,-2.0,1.0,
2006-04-12,-3.999999999996362,-3.000000000003638,-6.0,-10.0,-29.0,-54.0,-43.0,-64.0,-107.0,-97.0,-105.0,-102.0,-160.0,-71.0,-106.0,-7.0,-6.0,-1.0,0.0,-3.0,-3.0,-2.0,-1.0,1.0,
2006-05-15,-3.999999999996362,-1.000000000003638,-8.0,-10.0,-30.0,-53.0,-42.0,-64.0,-107.0,-98.0,-105.0,-103.0,-160.0,-71.0,-108.0,-8.0,-5.0,-1.0,0.0,-3.0,-2.0,-3.0,-1.0,2.0,
2006-06-13,-2.450325507146772,-1.8279753104725387,-6.57841752917011,-11.062137076893123,-30.4390201781207,-52.67353983075009,-42.80307009148237,-64.2440579020622,-107.8752892412158,-97.34519181017822,-105.95183310040738,-103.4057549975987,-160.69062857099925,-70.68030749142054,-108.09352847828995,8.453399055899354,-6.0,-16.534899360121926,15.534899360121926,-19.08443215288571,14.08443215288571,-2.0,-2.0,1.0,
2006-07-10,-1.999999999996362,-2.000000000003638,-6.0,-11.0,-34.793456566520035,-48.206543433479965,-47.455292285070755,-64.42261966082151,-108.1789384658041,-97.54909809670062,-106.18763709181803,-103.82955619148561,-158.37685820829938,-72.0,-109.0,-8.0,-6.0,1.0,-2.0,-2.0,-3.0,-2.0,-1.0,0.0,
2006-08-22,-2.0,-1.0,-7.0,-11.0,-30.0,-52.0,-44.0,-65.0,-109.0,-97.0,-107.0,-103.0,-163.0,-73.0,-110.0,-9.0,-5.0,1.0,-3.0,-2.0,-4.0,-1.0,-2.0,2.0,
2006-09-19,-1.999999999996362,-2.000000000003638,-7.0,-11.0,-30.0,-53.0,-43.0,-66.0,-108.0,-97.0,-108.0,-103.0,-164.0,-73.0,-112.0,-8.0,-4.0,-2.0,-1.0,-2.0,-4.0,0.0,-2.0,1.0,
2006-10-18,-3.0,-2.0,-6.0,-12.0,-31.0,-53.0,-43.0,-66.0,-109.0,-98.0,-108.0,-105.0,-165.0,-75.0,-110.0,-8.0,-5.0,-1.0,-3.0,-1.0,-3.0,-2.0,-1.0,0.0,
2006-11-15,-1.999999999996362,-3.000000000003638,-6.0,-12.0,-29.0,-55.0,-43.0,-66.0,-110.0,-98.0,-109.0,-104.0,-166.0,-75.0,-113.0,-7.0,-6.0,-1.0,-2.0,-2.0,-3.0,-3.0,-1.0,1.0,
2006-12-12,-1.999999999996362,-3.000000000003638,-7.0,-10.0,-31.0,-54.0,-44.0,-64.0,-110.0,-99.0,-108.0,-106.0,-166.0,-75.0,-113.0,-8.0,-6.0,-1.0,0.0,-4.0,-4.0,-1.0,-2.0,1.0,
2007-01-15,-1.999999999996362,-4.000000000003638,-6.0,-11.0,-31.0,-53.0,-45.0,-65.0,-110.0,-100.0,-109.0,-104.0,-167.0,-77.0,-114.0,-9.0,-6.0,0.0,-2.0,-4.0,-3.0,-1.0,-1.0,1.0,
2007-02-06,-1.999999999996362,-5.000000000003638,-4.0,-11.0,-33.0,-52.0,-44.0,-65.0,-111.0,-99.0,-108.0,-106.0,-169.0,-75.0,-115.0,-7.0,-6.0,-2.0,-1.0,-3.0,-3.0,-1.0,-1.0,0.0,
2007-03-26,-3.0,-3.0,-6.0,-12.0,-31.0,-53.0,-45.0,-66.0,-112.0,-100.0,-109.0,-107.0,-169.0,-76.0,-117.0,-8.0,-7.0,-1.0,0.0,-4.0,-4.0,0.0,-2.0,1.0,
2007-04-17,-1.999999999996362,-3.000000000003638,-7.0,-11.0,-31.0,-54.0,-45.0,-66.0,-112.0,-101.0,-107.0,-108.0,-171.0,-77.0,-117.0,-9.0,-5.0,-2.0,-2.0,-3.0,-3.0,-2.0,-1.0,1.0,
2007-05-15,-3.000000000003638,-1.999999999996362,-8.0,-11.0,-31.0,-56.0,-44.0,-67.0,-113.0,-100.0,-105.0,-113.0,-172.0,-77.0,-119.0,-8.0,-6.0,-2.0,-1.0,-3.0,-4.0,-2.0,-1.0,1.0,
2007-06-12,-3.0048456541589985,-1.8295961412404722,-5.8062542607294745,-11.252394936280325,-30.749075399609865,-53.22325669192651,-43.69640754672582,-66.03646276603104,-110.82200754199584,-102.57969906130165,-107.0,-112.0,-170.0,-77.0,-120.0,-7.0,-6.0,-3.0,0.0,-5.0,-3.0,-2.0,-1.0,1.0,
2007-07-13,-2.0,-0.5129272784251953,-8.487072721574805,-9.864422709295468,-30.730161619336286,-59.405415671368246,-45.0,-67.0,-114.0,-103.0,-93.81053281688946,-126.18946718311054,-173.0,-77.0,-120.0,-8.0,-8.0,-2.0,-1.0,-3.0,-4.0,-2.0,-2.0,2.0,
2007-08-15,-0.999999999996362,-1.000000000003638,-5.0,-13.0,-32.0,-54.0,-43.7206442765455,-67.2793557234545,-113.0,-96.75318215289735,-113.24681784710265,-109.0,-174.0,-78.0,-123.0,-8.0,-6.0,-2.0,-2.0,-2.0,-5.0,-2.0,-1.0,1.0,
2007-09-19,-1.0,-1.0,-6.0,-12.0,-31.0,-56.0,-43.0,-68.0,-114.0,-102.0,-109.0,-110.0,-174.0,-79.0,-123.0,-9.0,-6.0,-2.0,-1.0,-3.0,-4.0,-2.0,-1.0,1.0,
2007-10-16,-0.999999999996362,-2.000000000003638,-6.0,-11.0,-31.0,-56.0,-44.0,-68.0,-113.0,-102.0,-110.0,-110.0,-174.0,-79.0,-124.0,-8.0,-7.0,-2.0,-1.0,-3.0,-3.0,-2.0,-1.0,0.0,
2007-11-16,-1.999999999996362,-3.637978807091713e-12,-8.0,-8.0,-33.0,-56.0,-44.0,-67.0,-114.0,-102.0,-110.0,-110.0,-174.0,-79.0,-124.0,-9.0,-6.0,-3.0,0.0,-3.0,-3.0,-3.0,0.0,1.0,
2007-12-06,-0.999999999996362,-1.000000000003638,-6.0,-11.0,-31.0,-55.0,-44.0,-68.0,-114.0,-101.0,-111.0,-109.0,-174.0,-80.0,-125.0,-7.0,-6.0,-3.0,-1.0,-4.0,-1.0,-4.0,-1.0,2.0,
2008-01-11,-1.000000000003638,-3.999999999996362,-5.0,-12.0,-29.0,-55.0,-46.0,-68.0,-114.0,-101.0,-112.0,-109.0,-174.0,-81.0,-125.0,-9.0,-6.0,-4.0,0.0,-3.0,-2.0,1.0,-2.0,2.0,
2008-02-12,-1.0,-4.0,-4.0,-13.0,-30.0,-56.0,-46.0,-68.0,-114.0,-101.0,-111.0,-109.0,-175.0,-82.0,-125.0,-8.0,-7.0,-4.0,0.0,-3.0,-3.0,-1.0,-2.0,2.0,
2008-03-04,-2.000000000003638,-3.999999999996362,-4.0,-12.0,-32.0,-54.0,-45.0,-68.0,-114.0,-101.0,-110.0,-111.0,-175.0,-81.0,-126.0,-8.0,-6.0,-5.0,0.0,-2.0,-3.0,-2.0,-3.0,3.0,
2008-04-07,-2.000000000003638,-2.999999999996362,-6.0,-12.0,-31.0,-56.0,-45.0,-68.0,-115.0,-102.0,-111.0,-111.0,-175.0,-82.0,-127.0,-8.0,-8.0,-4.0,0.0,-3.0,-3.0,-1.0,-3.0,3.0,
2008-05-06,-3.0,-4.0,-5.0,-12.0,-31.0,-55.0,-45.0,-68.0,-115.0,-103.0,-110.0,-112.0,-177.0,-81.0,-127.0,-9.0,-8.0,-3.0,-1.0,-3.0,-4.0,-1.0,-2.0,2.0,
2008-06-03,-3.000000000003638,-3.999999999996362,-5.0,-11.0,-31.0,-55.0,-45.0,-67.0,-115.0,-102.0,-111.0,-111.0,-177.0,-82.0,-128.0,-9.0,-7.0,-4.0,-1.0,-4.0,-2.0,-2.0,-2.0,3.0,
2008-07-07,-1.999999999996362,-2.000000000003638,-5.0,-11.0,-32.0,-57.0,-45.0,-68.0,-116.0,-102.0,-112.0,-111.0,-179.0,-82.0,-128.0,-9.0,-7.0,-4.0,-2.0,-3.0,-4.0,-2.0,-1.0,2.0,
2008-08-04,-1.7197325217930484,-1.2802674782069516,-7.68815548686689,-8.31184451313311,-31.0,-55.64812672729022,-44.35187327270978,-67.0,-116.0,-102.0,-112.0,-110.0,-179.0,-81.0,-131.0,-7.0,-7.0,-5.0,-1.0,-3.0,-3.0,-2.0,-1.0,1.0,
2008-09-08,3.637978807091713e-12,-4.000000000003638,-4.0,-13.0,-31.0,-56.0,-46.0,-68.0,-117.0,-103.0,-109.0,-113.0,-180.0,-81.0,-132.0,-7.0,-7.0,-3.0,-2.0,-4.0,-1.0,-3.0,1.0,1.0,
2008-10-06,-1.0,-2.0,-5.0,-12.0,-33.83795409584127,-53.63428047027264,-44.044553517960594,-67.34926580372849,-112.48538617740269,-100.6247323324933,-110.54297230948578,-111.28760978471837,-176.91110716821277,-85.28213833988411,-130.0,-8.0,-7.0,-4.0,-1.0,-3.0,-3.0,-2.0,0.0,0.0,
2008-11-03,-1.0,-3.0,-5.0,-11.0,-30.0,-53.0,-46.0,-68.0,-114.0,-99.0,-113.0,-111.0,-176.0,-84.0,-129.0,-7.0,-7.0,-7.0,0.0,-3.0,-4.0,-1.0,0.0,0.0,
2008-12-02,-1.000000000003638,-0.999999999996362,-6.0,-11.0,-28.0,-53.0,-45.0,-67.0,-113.0,-99.0,-111.0,-111.0,-178.0,-82.0,-129.0,-10.0,-5.0,-6.0,0.0,-3.0,-3.0,-3.0,0.0,1.0,
2009-01-07,-1.000000000003638,-1.999999999996362,-4.0,-11.0,-29.0,-51.0,-44.0,-66.0,-112.0,-99.0,-111.0,-111.0,-177.0,-83.0,-130.0,-9.0,-5.0,-6.0,0.0,-2.0,-5.0,-1.0,-1.0,1.0,
2009-02-04,-1.999999999996362,-1.000000000003638,-5.0,-12.0,-28.0,-53.0,-44.0,-66.0,-111.0,-100.0,-110.0,-112.0,-177.0,-83.0,-131.0,-9.0,-5.0,-5.0,0.0,-3.0,-3.0,-2.0,-2.0,2.0,
2009-03-03,-1.999999999996362,-2.000000000003638,-6.0,-10.0,-28.0,-53.0,-43.0,-69.0,-111.0,-99.0,-110.0,-114.0,-176.0,-83.0,-132.0,-9.0,-5.0,-5.0,0.0,-3.0,-4.0,-2.0,-2.0,3.0,
2009-04-07,-2.000000000003638,-0.999999999996362,-5.0,-10.0,-29.0,-54.0,-43.0,-68.0,-111.0,-100.0,-110.0,-113.0,-177.0,-82.0,-132.0,-8.0,-6.0,-4.0,-2.0,-3.0,-2.0,-3.0,-2.0,2.0,
2009-05-08,-0.999999999996362,-3.000000000003638,-3.0,-11.0,-29.0,-53.0,-44.0,-67.0,-111.0,-101.0,-111.0,-111.0,-178.0,-83.0,-131.0,-7.0,-7.0,-5.0,-2.0,-3.0,-3.0,-2.0,-1.0,1.0,
2009-06-03,-1.000000000003638,-1.999999999996362,-4.0,-11.0,-30.0,-53.0,-43.0,-67.0,-112.0,-101.0,-111.0,-112.0,-178.0,-82.0,-132.0,-7.0,-6.0,-7.0,0.0,-4.0,-3.0,-2.0,0.0,1.0,
2009-07-07,-2.000000000003638,-1.999999999996362,-4.0,-11.0,-29.0,-53.0,-44.0,-66.0,-112.0,-101.0,-111.0,-112.0,-178.0,-83.0,-133.0,-8.0,-5.0,-7.0,0.0,-3.0,-3.0,-2.0,0.0,0.0,
2009-08-04,-1.000000000003638,-1.999999999996362,-3.0,-12.0,-29.0,-53.0,-44.0,-67.0,-112.0,-101.0,-111.0,-112.0,-179.0,-83.0,-133.0,-9.0,-4.0,-7.0,0.0,-3.0,-3.0,-3.0,1.0,0.0,
2009-09-07,0.0,-1.0,-6.0,-9.0,-29.0,-53.0,-43.0,-67.0,-112.0,-102.0,-112.0,-111.0,-179.0,-83.0,-132.0,-10.0,-4.0,-7.0,-1.0,-2.0,-3.0,-3.0,0.0,0.0,
2009-10-16,-0.999999999996362,-1.000000000003638,-5.0,-10.0,-28.0,-53.0,-43.0,-68.0,-112.0,-100.0,-112.0,-112.0,-178.0,-84.0,-132.0,-9.0,-5.0,-7.0,-1.0,-2.0,-4.0,-3.0,0.0,0.0,
2009-11-03,3.637978807091713e-12,-2.000000000003638,-6.0,-11.0,-28.0,-53.0,-44.0,-66.0,-112.0,-102.0,-110.0,-114.0,-178.0,-84.0,-132.0,-9.0,-5.0,-7.0,-1.0,-2.0,-4.0,-3.0,-1.0,1.0,
2009-12-01,-0.999999999996362,-2.000000000003638,-5.0,-11.0,-29.0,-51.0,-44.0,-67.0,-111.0,-101.0,-110.0,-114.0,-179.0,-83.0,-132.0,-10.0,-5.0,-7.0,-1.0,-2.0,-4.0,-3.0,-1.0,2.0,
2010-01-11,-1.000000000003638,-2.999999999996362,-4.0,-10.0,-29.0,-52.0,-44.0,-67.0,-111.0,-101.0,-111.0,-114.0,-178.0,-84.0,-132.0,-10.0,-5.0,-6.0,-2.0,-2.0,-4.0,-2.0,-1.0,2.0,
2010-02-03,-2.0,-2.0,-5.0,-10.0,-29.0,-51.0,-43.0,-68.0,-110.0,-102.0,-112.0,-112.0,-178.0,-83.0,-133.0,-10.0,-5.0,-7.0,-1.0,-2.0,-3.0,-4.0,0.0,1.0,
2010-03-09,-2.999999999996362,-2.000000000003638,-4.0,-11.0,-29.0,-51.0,-43.0,-69.0,-111.0,-101.0,-113.0,-112.0,-178.0,-83.0,-133.0,-11.0,-5.0,-7.0,0.0,-3.0,-3.0,-3.0,0.0,0.0,
2010-04-06,-2.999999999996362,-2.000000000003638,-5.0,-10.0,-28.0,-53.0,-42.0,-70.0,-110.0,-101.0,-113.0,-112.0,-177.0,-85.0,-133.0,-10.0,-5.0,-8.0,1.0,-4.0,-3.0,-2.0,-1.0,1.0,
2010-05-07,-1.999999999996362,-2.000000000003638,-10.0,-6.0,-26.0,-54.0,-43.0,-69.0,-110.0,-101.0,-114.0,-110.0,-179.0,-85.0,-133.0,-9.0,-6.0,-7.0,0.0,-3.0,-3.0,-3.0,-2.0,2.0,
2010-06-08,-1.999999999996362,-3.000000000003638,-8.0,-7.0,-27.0,-53.0,-43.0,-68.0,-112.0,-99.0,-115.0,-111.0,-179.0,-85.0,-134.0,-7.0,-7.0,-7.0,0.0,-4.0,-3.0,-3.0,-1.0,1.0,
2010-07-13,-0.999999999996362,-3.000000000003638,-6.0,-7.0,-29.0,-51.0,-44.0,-66.0,-112.0,-101.0,-112.0,-112.0,-178.0,-85.0,-132.0,-10.0,-7.0,-7.0,0.0,-4.0,-2.0,-4.0,0.0,1.0,
2010-08-11,-3.637978807091713e-12,-0.999999999996362,-10.178869959461736,-4.821130040538264,-29.0,-50.0,-43.0,-67.0,-112.0,-99.0,-113.0,-112.0,-179.0,-84.0,-133.0,-9.0,-6.0,-8.0,-1.0,-3.0,-3.0,-3.0,0.0,1.0,
2010-09-08,-1.0,-1.0,-4.0,-11.0,-28.0,-51.0,-42.0,-68.0,-112.0,-99.0,-112.0,-113.0,-180.0,-84.0,-133.0,-9.0,-5.0,-8.0,-2.0,-1.0,-4.0,-4.0,0.0,2.0,
2010-10-06,-3.637978807091713e-12,-0.999999999996362,-5.0,-11.0,-28.0,-50.0,-42.0,-68.0,-112.0,-99.0,-112.0,-113.0,-179.0,-84.0,-134.0,-9.0,-5.0,-7.0,-2.0,-1.0,-4.0,-3.0,-1.0,2.0,
2010-11-10,0.0,-3.0,-6.0,-10.0,-28.0,-50.0,-41.0,-68.0,-111.0,-100.0,-113.0,-113.0,-178.0,-84.0,-134.0,-8.0,-6.0,-7.0,-3.0,-1.0,-3.0,-4.0,-1.0,3.0,
2010-12-02,3.637978807091713e-12,-3.000000000003638,-5.0,-10.0,-28.0,-50.0,-42.0,-68.0,-111.0,-99.0,-113.0,-113.0,-178.0,-85.0,-133.0,-9.0,-7.0,-7.0,-2.0,-2.0,-3.0,-4.0,0.0,3.0,
2011-01-05,-3.000000000003638,-2.999999999996362,-5.0,-9.0,-28.0,-51.0,-43.0,-67.0,-111.0,-100.0,-112.0,-112.0,-179.0,-85.0,-134.0,-9.0,-6.0,-7.0,-3.0,-2.0,-2.0,-4.0,0.0,2.0,
2011-02-09,-3.0,-3.0,-4.0,-10.0,-28.0,-52.0,-43.0,-67.0,-111.0,-100.0,-112.0,-113.0,-179.0,-85.0,-135.0,-8.0,-7.0,-7.0,-2.0,-2.0,-3.0,-3.0,0.0,2.0,
2011-03-10,-2.999999999996362,-3.000000000003638,-5.0,-9.0,-28.0,-52.0,-44.0,-67.0,-110.0,-100.0,-112.0,-113.0,-179.0,-85.0,-134.0,-9.0,-7.0,-6.0,-2.0,-2.0,-4.0,-3.0,0.0,2.0,
2011-04-11,-1.999999999996362,-3.000000000003638,-6.0,-8.0,-29.0,-51.0,-44.0,-68.0,-110.0,-101.0,-112.0,-113.0,-180.0,-84.0,-134.0,-9.0,-6.0,-7.0,-2.0,-2.0,-5.0,-2.0,0.0,2.0,
2011-05-10,-3.000000000003638,-1.999999999996362,-7.0,-9.0,-28.0,-52.0,-44.0,-68.0,-111.0,-102.0,-113.0,-113.0,-179.0,-85.0,-134.0,-9.0,-6.0,-7.0,-3.0,-2.0,-5.0,-2.0,0.0,2.0,
2011-06-07,-2.000000000003638,-2.999999999996362,-5.0,-11.0,-28.0,-50.0,-44.0,-69.0,-111.0,-102.0,-112.0,-113.0,-180.0,-84.0,-136.0,-10.0,-6.0,-6.0,-3.0,-2.0,-4.0,-3.0,0.0,2.0,
2011-07-12,-3.000000000003638,-3.999999999996362,-5.0,-10.0,-29.0,-50.0,-45.0,-68.0,-111.0,-103.0,-111.0,-112.0,-181.0,-85.0,-136.0,-10.0,-6.0,-6.0,-3.0,-2.0,-4.0,-2.0,0.0,2.0,
2011-08-09,-4.000000000003638,-3.999999999996362,-6.0,-10.0,-28.0,-50.0,-45.0,-67.0,-113.0,-101.0,-112.0,-113.0,-181.0,-85.0,-135.0,-10.0,-6.0,-5.0,-5.0,-2.0,-5.0,-1.0,0.0,2.0,
2011-09-06,-3.999999999996362,-4.000000000003638,-6.0,-8.0,-27.0,-51.0,-44.0,-67.0,-112.0,-102.0,-112.0,-112.0,-181.0,-85.0,-136.0,-9.0,-7.0,-6.0,-3.0,-2.0,-5.0,-2.0,-1.0,3.0,
2011-10-04,-5.000000000003638,-3.999999999996362,-5.0,-8.0,-27.0,-52.0,-44.0,-68.0,-111.0,-100.0,-112.0,-113.0,-182.0,-84.0,-136.0,-9.0,-7.0,-7.0,-2.0,-2.0,-6.0,0.0,-2.0,2.0,
2011-11-08,-2.999999999996362,-3.000000000003638,-6.0,-9.0,-27.0,-53.0,-42.0,-68.0,-113.0,-99.0,-113.0,-114.0,-180.0,-85.0,-135.0,-8.0,-8.0,-9.0,-1.0,-3.0,-5.0,1.0,-3.0,2.0,
2011-12-01,-2.999999999996362,-2.000000000003638,-6.0,-9.0,-25.0,-55.0,-42.0,-67.0,-113.0,-99.0,-112.0,-114.0,-180.0,-85.0,-135.0,-8.0,-8.0,-9.0,-1.0,-3.0,-5.0,0.0,-2.0,2.0,
2012-01-04,-3.999999999996362,-2.000000000003638,-5.0,-9.0,-26.0,-54.0,-42.0,-66.0,-113.0,-99.0,-112.0,-113.0,-180.0,-86.0,-135.0,-9.0,-7.0,-9.0,-1.0,-3.0,-4.0,-1.0,-2.0,2.0,
2012-02-07,-3.0,-3.0,-4.0,-9.0,-27.0,-54.0,-41.0,-67.0,-112.0,-100.0,-111.0,-113.0,-180.0,-89.0,-134.0,-10.0,-6.0,-8.0,-1.0,-2.0,-4.0,-3.0,-2.0,2.0,
2012-03-01,-4.819273117864213,-1.8082861578877782,-4.586473529532668,-9.251864298923465,-26.00818955858267,-51.65839452834916,-43.106388098880416,-67.83887286801473,-111.4626173341967,-101.08201893608202,-112.71840524321306,-113.63964887539623,-179.68829935620306,-85.95527491800021,-137.08106664259685,-9.109620377217652,-6.283186660788488,-8.346815242111916,-1.565230541396886,-2.5207030319725163,-3.702811177528929,-2.249609293648973,-0.872225284925662,1.4768694784143008,
2012-04-01,-4.92705854675296,-1.7982876095084066,-4.534153875822085,-9.286194530643115,-25.943214843748137,-51.611342873744434,-43.07222475395247,-67.82155404801597,-111.39892348140711,-101.07238959390088,-112.73798502769205,-113.63491181458812,-179.69384273921605,-85.96301784989191,-137.14159436881891,-9.111972247104859,-6.287917641486274,-8.42048685948248,-1.571259904798353,-2.5188485767284874,-3.709329343808349,-2.242333588830661,-0.8800182693521492,1.46194858715171,
2012-05-01,-4.701884800626431,-1.9108108924228873,-4.68134945123893,-9.323762806896411,-25.88661619315826,-51.56597135972697,-43.03784366621403,-67.80286921140214,-111.33416219960782,-101.06192695489153,-112.75570103112841,-113.62866271997336,-179.70628043750185,-85.97015190860839,-137.19835780910216,-9.113962954375893,-6.292654066317482,-8.493032743106596,-1.5771238013694528,-2.5169785649341065,-3.715670014702482,-2.2351083871908486,-0.8879520889022388,1.4468528681318276,
2012-06-01,-4.222815736717166,-2.129867019433732,-4.963319929745921,-9.36424236244784,-25.83650487974228,-51.52572680672165,-43.00351382320514,-67.78282650465553,-111.26740082900506,-101.05215438267624,-112.77019865781767,-113.62091163179139,-179.7257232038246,-85.97659315550118,-137.25123565428657,-9.115642209420912,-6.29741532477783,-8.56425258750096,-1.5828143605904188,-2.5153415081149433,-3.721835300704697,-2.227733641746454,-0.8960071246838197,1.4313563429168426,
2012-07-01,-3.6445080907396914,-2.409683626588958,-5.270636115958041,-9.408491218120616,-25.790872681507608,-51.49198834282288,-42.969396191459964,-67.76193277165294,-111.20005726259842,-101.04219043967896,-112.7826994904899,-113.61193861471838,-179.75009621548816,-85.98227886360837,-137.30100510822376,-9.116841815586668,-6.302231705893064,-8.634607397194486,-1.5878817061311565,-2.514175202464685,-3.728298111615004,-2.219564931001514,-0.9039456453756429,1.414810832880903,
2012-08-01,-3.1477924834507576,-2.6881267800126807,-5.484835790273792,-9.455966422217898,-25.749694693658967,-51.464255764047266,-42.935510071663884,-67.74015193797823,-111.13381457458308,-101.03211773082148,-112.7938446358894,-113.60172051540576,-179.77724100722116,-85.98757600795943,-137.34776043661986,-9.117393552704016,-6.3071409295953345,-8.703888701682445,-1.5923173354240134,-2.5137169281952083,-3.7344250938331243,-2.211272389511578,-0.9121946135419421,1.397023692028597,
2012-09-01,-2.8879302417844883,-2.9009712875013065,-5.519006370224815,-9.505095527994854,-25.71284947564709,-51.43978395078739,-42.90154628318851,-67.71766900968214,-111.067555730202,-101.02175338607049,-112.80341820701142,-113.5902438730991,-179.80830421490828,-85.99262490388355,-137.3918014471128,-9.11735320079606,-6.311943407607032,-8.772336454305332,-1.5958857490040828,-2.5135493990965188,-3.740672615793301,-2.203082493331749,-0.9203086011693813,1.3780329971923493,
2012-10-01,-2.945757285506261,-3.0020899566297885,-5.340248977889132,-9.556578002127935,-25.6808330204949,-51.413965963423834,-42.86793137040513,-67.69448787649162,-111.00180836190702,-101.01083708519582,-112.81173099851003,-113.57726879630354,-179.84272971758037,-85.99730715571786,-137.43320226340438,-9.116981397382915,-6.317112539720256,-8.839751007675659,-1.5981276343227364,-2.5143655489955563,-3.747040710179135,-2.194565140234772,-0.9282861817628145,1.3578784959972836,
2012-11-01,-3.310417300734116,-2.970920062292862,-4.979755169748387,-9.606932440059609,-25.66184661321313,-51.381880225788336,-42.83479124661244,-67.6711349493853,-110.93461202920298,-100.99972558257286,-112.81854022742482,-113.5633133717929,-179.88331622281112,-86.00221227659495,-137.47203638940118,-9.116324329312192,-6.3222409837762825,-8.90615162922768,-1.5996932596026454,-2.515747423953144,-3.753320474526845,-2.185718028107658,-0.9365885886945762,1.336830701737199,
2012-12-01,-3.8785918476969528,-2.8196734172197466,-4.530524520363542,-9.656230072425387,-25.657109105071868,-51.33933628552768,-42.8021745995502,-67.6473242418142,-110.8678313052078,-100.9886304760148,-112.82416842126986,-113.54857848302345,-179.92943668569205,-86.00724444820662,-137.5085762088711,-9.11589274101425,-6.327353313390631,-8.971318386495113,-1.6005994065199047,-2.517469441285357,-3.7593235505046323,-2.177197422774043,-0.9450154774240218,1.315390553616453,
2013-01-01,-4.486505556906195,-2.5897097210981883,-4.114289016652037,-9.70419781851524,-25.668891584551602,-51.28554383270966,-42.77008824275981,-67.62308964319527,-110.80184589770215,-100.97794845938915,-112.82834435199038,-113.53349778222037,-179.9797260107007,-86.01272250700276,-137.54310297381016,-9.115504967106972,-6.33225359217613,-9.035480275488226,-1.600646122096805,-2.519982336641988,-3.7652858920919243,-2.1683438802720048,-0.9535699108382687,1.2933859599288553,
2013-02-01,-4.954990614853159,-2.3422798204046558,-3.846840107013122,-9.752318469436432,-25.696979390886554,-51.22111295025388,-42.73844038086827,-67.59840248708497,-110.73623655659321,-100.96731671360612,-112.83113786717877,-113.51783952841652,-180.03610023410874,-86.01850841761916,-137.5756624561036,-9.115197447885294,-6.337196673383005,-9.098868388595292,-1.6000807149102911,-2.522413763595978,-3.771659233199898,-2.158965976908803,-0.9626675337785855,1.2710690593812615,
2013-03-01,-5.138987847662065,-2.1446683385838696,-3.806143333473301,-9.800142451342253,-25.73882917726587,-51.14966916141566,-42.70737438678043,-67.57353122730274,-110.67157149889681,-100.95705354752135,-112.83281387697207,-113.50204631630913,-180.09561469531036,-86.02423039180576,-137.60672930060537,-9.11480009907973,-6.3424415057234,-9.161279010877479,-1.5987021552864462,-2.524994422623422,-3.7782154515443835,-2.1495347492164,-0.9718450175132602,1.2489201463758945,
2013-04-01,-4.974999330144783,-2.048016300876043,-4.0004647815731005,-9.84819822954887,-25.793616175513307,-51.07520644139731,-42.67706181544054,-67.54868505940249,-110.6078885041934,-100.94721861940343,-112.83391007970204,-113.48602509178454,-180.1602966102073,-86.0301682734862,-137.636121304502,-9.114139291312313,-6.3482353981235065,-9.222516377281863,-1.5962979676842224,-2.528184907103423,-3.784729315812001,-2.140089844004251,-0.9815230899839662,1.226315284089651,
2013-05-01,-4.490751749039191,-2.082094589506596,-4.372556885457016,-9.897269955159572,-25.854429387443815,-51.00274523811822,-42.64738742032205,-67.52364018707885,-110.54503752451274,-100.9376659624686,-112.83384739534813,-113.46975715225562,-180.23137717641657,-86.03657576182741,-137.6640849976684,-9.113476372498553,-6.354150164610473,-9.282836803409737,-1.5930940358957741,-2.531792182708159,-3.7911962718935683,-2.130666408513207,-0.9916856802301481,1.2033166254404932,
2013-06-01,-3.8023762760858517,-2.2462106657512777,-4.813293538863945,-9.942008947276918,-25.915888100011216,-50.93649322159763,-42.61873153480701,-67.49882255130797,-110.48359253630042,-100.92870972279343,-112.83312919651507,-113.4533187414927,-180.30858559551416,-86.0430844083021,-137.6906455688877,-9.112848510994809,-6.360435570881236,-9.342267187399557,-1.5888705660181586,-2.536276262399042,-3.7976281280862167,-2.1210559673490934,-1.00210197258275,1.1799860084429383,
2013-07-01,-3.0912300754425814,-2.5022305350430543,-5.175781577469024,-9.986834894996719,-25.974950100229762,-50.877811216181726,-42.59068777121138,-67.47381208854495,-110.42310546460794,-100.91983564532711,-112.83123888025875,-113.43651663311175,-180.39347383129643,-86.0499181250052,-137.7162503436848,-9.111844259517966,-6.367337617703015,-9.400617266685003,-1.5838477073120885,-2.5414384310133755,-3.80379764852114,-2.1112714039627463,-1.0127680537989363,1.1563883560011163,
2013-08-01,-2.5451253449718934,-2.7890605016073096,-5.333844262859202,-10.0338905019089,-26.028274900469114,-50.82680538890418,-42.5634045224142,-67.44880277609627,-110.363778924293,-100.91141021999647,-112.82835136170615,-113.41969665742363,-180.48422757856315,-86.05666227752226,-137.7411038693972,-9.110738751885947,-6.374656950327335,-9.45769583908259,-1.578476099704858,-2.547517399012577,-3.809703072096454,-2.1013227941002697,-1.0236758876708336,1.1323614880093373,
2013-09-01,-2.308225778826454,-3.0345970429880254,-5.21719847642089,-10.07778595455602,-26.080653207056457,-50.781759656005306,-42.53678502923867,-67.42401575905387,-110.30543759780994,-100.90334949437238,-112.82446948401048,-113.4027256690315,-180.58114678398124,-86.06376030659885,-137.76518543908605,-9.109789005800849,-6.382436627638526,-9.51352668335312,-1.5725513549114112,-2.5543081095966045,-3.8155657760216855,-2.091219548659865,-1.03482033504406,1.1079591562156565,
2013-10-01,-2.4347159654353163,-3.176777459731966,-4.832674657380267,-10.120425252163841,-26.133978083526017,-50.7393130556884,-42.51128941307252,-67.39958253249642,-110.24837518278218,-100.89641695850878,-112.81996516650543,-113.38603855119436,-180.63937922520563,-86.02747576619731,-137.73520463847672,-9.105829121224815,-6.389989634597441,-9.5721701682196,-1.570846750983037,-2.5592689787154086,-3.8293848058674484,-2.0778634744347073,-1.0513794223079458,1.0907343386206776,
2013-11-01,-2.871361262667051,-3.1808604916732293,-4.268806172141922,-10.16360889418138,-26.189048356238345,-50.695747082616435,-42.4865062651661,-67.37525035865838,-110.19233008239826,-100.88984031960717,-112.81439455191139,-113.36928276118124,-180.70202062488534,-85.99145902838791,-137.70425373551552,-9.101544583914801,-6.397910831088666,-9.629904462723061,-1.5688533977081534,-2.5645891724852845,-3.8428406717139296,-2.0642272335244343,-1.0680655316682532,1.0738280609366484,
2013-12-01,-3.476682727748994,-3.0444024249918584,-3.669802607379097,-10.20534061476792,-26.250804742143373,-50.64758110156981,-42.46280765970005,-67.35077131178696,-110.13824261570699,-100.88423163279367,-112.80798487659195,-113.35324673668947,-180.76659011872835,-85.95610518110334,-137.67268443197827,-9.097123667801498,-6.406395636789966,-9.686250739119714,-1.5665817334956955,-2.5704278810007963,-3.855916352098575,-2.0502409401815385,-1.0849141510552727,1.0574513074825518,
2014-01-01,-4.056597416747536,-2.801113816378347,-3.1962029013520805,-10.245485828869278,-26.321510383626446,-50.59311702604464,-42.440301281472784,-67.32649466345902,-110.08611398769426,-100.87936318269931,-112.80064208101248,-113.33795032498892,-180.83461208330118,-85.92160282391706,-137.640734750079,-9.092735037993407,-6.4151892758964095,-9.741643065412063,-1.5637204598169774,-2.576971186004812,-3.868720278813271,-2.0360996243543923,-1.1019726440426894,1.0409250062075444,
2014-02-01,-4.422445982560021,-2.508478591822495,-2.9797330867804703,-10.284829514828743,-26.400849543693766,-50.532954618145595,-42.41904126654845,-67.3026399785449,-110.03646472078981,-100.8759028770146,-112.79257379009505,-113.32378190019517,-180.90036127829808,-85.8886161861883,-137.60863198319566,-9.08873438811861,-6.4238624234858435,-9.796586872136686,-1.5608393172733486,-2.5830458054260816,-3.8817868376208935,-2.02151037089061,-1.1189560850616544,1.0249527480918914,
2014-03-01,-4.445000539344619,-2.231875487301295,-3.084457591838145,-10.323077801935142,-26.488607395775034,-50.468613194098,-42.39888713833352,-67.27901614036819,-109.98889507188869,-100.87348810180265,-112.78354809619486,-113.31046705922927,-180.96821360927424,-85.85218825790798,-137.57671161158942,-9.084759871999267,-6.4327350468956865,-9.850884947518352,-1.5572920262638945,-2.5897679489280563,-3.894034100085264,-2.011419811809901,-1.1321513989241794,1.0049134595901705,
2014-04-17,-3.999999999996362,-2.000000000003638,-3.0,-11.0,-26.0,-50.0,-42.0,-73.0,-105.0,-102.0,-111.0,-114.0,-181.0,-85.0,-137.0,-9.0,-6.0,-10.0,-2.0,-2.0,-4.0,-1.0,-1.0,1.0,
2014-05-05,-3.999999999996362,-1.000000000003638,-4.0,-11.0,-26.0,-50.0,-42.0,-68.40477358370845,-109.59522641629155,-101.0,-113.0,-112.0,-181.0,-86.0,-137.0,-9.0,-6.0,-10.0,-1.0,-4.0,-2.0,-2.0,-1.0,0.0,
2014-06-11,-2.0,-1.0,-3.0,-15.738561258564005,-26.7781475783122,-50.28096645598998,-42.34279814302863,-67.20563985141052,-100.65388671269466,-99.0,-113.0,-112.0,-181.0,-85.0,-138.0,-8.0,-7.0,-9.0,-1.0,-4.0,-2.0,-1.0,-2.0,1.0,
2014-07-17,-2.0,-2.0,-5.0,-9.0,-28.0,-50.0,-43.0,-67.0,-110.0,-102.0,-112.0,-114.0,-180.0,-86.0,-137.0,-9.0,-7.0,-9.0,-1.0,-3.0,-3.0,-3.0,-1.0,0.0,
2014-08-11,-1.000000000003638,-1.999999999996362,-5.0,-9.0,-27.0,-48.0,-43.0,-67.0,-111.0,-101.0,-116.0,-114.0,-176.0,-87.0,-141.0,-6.0,-5.0,-11.0,-1.0,-2.0,-4.0,-2.0,-2.0,2.0,
2014-09-23,-1.999999999996362,-3.000000000003638,-4.0,-10.0,-28.0,-49.0,-43.0,-67.0,-111.0,-101.0,-112.0,-114.0,-181.0,-85.0,-138.0,-9.0,-6.0,-11.0,-1.0,-3.0,-4.0,-3.0,0.0,0.0,
2014-10-16,-2.000000000003638,-1.999999999996362,-4.0,-12.0,-26.0,-50.0,-43.0,-67.0,-110.0,-101.0,-112.0,-114.0,-181.0,-86.0,-138.0,-9.0,-7.0,-10.0,-1.0,-4.0,-3.0,-2.0,-1.0,0.0,
2014-11-19,-2.999999999996362,-2.000000000003638,-5.0,-10.0,-26.0,-49.0,-43.0,-67.0,-111.0,-101.0,-113.0,-113.0,-181.0,-86.0,-138.0,-9.0,-7.0,-10.0,-2.0,-3.0,-3.0,-3.0,0.0,0.0,
2014-12-12,-3.000000000003638,-1.999999999996362,-4.0,-10.0,-26.0,-50.0,-44.0,-66.0,-110.0,-102.0,-112.0,-115.0,-180.0,-85.0,-140.0,-10.0,-4.0,-10.0,-2.0,-3.0,-3.0,-2.0,-2.0,0.0,
2015-01-15,-2.000000000003638,-2.999999999996362,-4.0,-10.0,-26.0,-50.0,-43.0,-67.0,-110.0,-101.0,-112.0,-115.0,-180.0,-86.0,-139.0,-9.0,-6.0,-10.0,-2.0,-2.0,-4.0,-2.0,-2.0,1.0,
2015-02-10,-3.0,-3.0,-3.0,-10.0,-27.0,-50.0,-42.0,-67.0,-110.0,-101.0,-112.0,-114.0,-180.0,-87.0,-138.0,-9.0,-6.0,-11.0,-1.0,-3.0,-4.0,-2.0,-1.0,1.0,
2015-03-16,-3.0,-3.0,-3.0,-11.0,-26.0,-51.0,-42.0,-67.0,-111.0,-101.0,-111.0,-114.0,-182.0,-87.0,-138.0,-8.0,-7.0,-11.0,-2.0,-2.0,-3.0,-3.0,-1.0,1.0,
2015-04-22,-2.999999999996362,-2.000000000003638,-5.0,-10.0,-26.0,-52.0,-43.0,-66.0,-111.0,-102.0,-112.0,-114.0,-182.0,-87.0,-138.0,-9.0,-7.0,-11.0,-1.0,-2.0,-4.0,-2.0,-1.0,0.0,
2015-05-13,-2.999999999996362,-3.000000000003638,-5.0,-10.0,-27.0,-51.0,-43.0,-67.0,-112.0,-101.0,-113.0,-115.0,-182.0,-85.0,-138.0,-10.0,-7.0,-10.0,-1.0,-3.0,-5.0,-1.0,-2.0,0.0,
2015-06-11,-1.7351412726784474,-2.0278672157146502,-4.615126948498073,-10.48465518240846,-27.171598771150457,-50.018934497697046,-42.21644926973386,-66.97166218081838,-109.66511395519774,-100.99098690209212,-112.6297524998954,-113.24475094882655,-181.22796035528881,-86.0,-138.0,-10.0,-6.0,-11.0,-1.0,-3.0,-5.0,-1.0,-1.0,0.0,
2015-07-03,-1.000000000003638,-1.999999999996362,-6.0,-9.889833665329206,-27.194141910578765,-50.91602442409203,-43.0,-67.0,-111.0,-101.0,-113.0,-115.0,-182.0,-87.0,-137.0,-10.0,-7.0,-10.0,-2.0,-3.0,-4.0,-2.0,-2.0,1.0,
2015-08-14,-1.000000000003638,-0.999999999996362,-4.0,-10.0,-26.0,-52.0,-42.0,-66.0,-111.0,-102.0,-113.0,-114.0,-182.0,-86.0,-138.0,-10.0,-6.0,-11.0,-1.0,-4.0,-3.0,-2.0,-2.0,0.0,
2015-09-24,0.0,-2.0,-3.0,-10.0,-28.0,-51.0,-41.0,-68.0,-111.0,-102.0,-111.0,-114.0,-182.0,-86.0,-139.0,-8.0,-7.0,-11.0,-2.0,-2.0,-4.0,-2.0,-2.0,1.0,
2015-10-15,0.0,-3.0,-3.0,-10.0,-27.0,-50.0,-42.0,-67.0,-111.0,-101.0,-113.0,-113.0,-182.0,-86.0,-139.0,-9.0,-6.0,-11.0,-2.0,-3.0,-4.0,-2.0,-1.0,0.0,
2015-11-23,-0.999999999996362,-4.000000000003638,-3.0,-12.0,-26.0,-50.0,-41.0,-68.0,-110.0,-103.0,-112.0,-114.0,-182.0,-86.0,-139.0,-8.0,-7.0,-11.0,-1.0,-3.0,-4.0,-3.0,-1.0,0.0,
2015-12-16,-2.000000000003638,-2.999999999996362,-4.0,-11.0,-26.0,-49.0,-42.0,-67.0,-110.0,-102.0,-113.0,-114.0,-182.0,-87.0,-138.0,-8.0,-7.0,-12.0,1.0,-4.0,-4.0,-2.0,-1.0,0.0,
2016-01-14,-1.000000000003638,-2.999999999996362,-4.0,-10.0,-27.0,-48.0,-43.0,-67.0,-109.0,-102.0,-112.0,-114.0,-182.0,-88.0,-137.0,-8.0,-7.0,-11.0,-1.0,-3.0,-4.0,-2.0,-1.0,0.0,
2016-02-25,-2.999999999996362,-1.000000000003638,-5.0,-10.0,-27.0,-49.0,-43.0,-66.0,-110.0,-102.0,-112.0,-113.0,-182.0,-87.0,-138.0,-9.0,-6.0,-11.0,-1.0,-4.0,-4.0,-2.0,0.0,0.0,
2016-03-17,-1.0,-2.0,-6.0,-9.0,-26.0,-49.0,-42.0,-67.0,-109.0,-102.0,-112.0,-114.0,-182.0,-86.0,-138.0,-9.0,-7.0,-11.0,-1.0,-3.0,-4.0,-2.0,-1.0,1.0,
2016-04-21,-1.000000000003638,-0.999999999996362,-5.0,-9.0,-27.0,-48.0,-43.0,-66.0,-111.0,-101.0,-112.0,-114.0,-181.0,-87.0,-138.0,-9.0,-7.0,-12.0,0.0,-3.0,-4.0,-1.0,-2.0,1.0,
2016-05-31,-1.999999999996362,-3.000000000003638,-4.0,-10.0,-27.0,-51.0,-42.0,-67.0,-112.0,-101.0,-115.0,-111.0,-182.0,-87.0,-138.0,-9.0,-8.0,-10.0,-1.0,-3.0,-4.0,-1.0,-1.0,-1.0,
2016-06-17,-3.637978807091713e-12,-2.999999999996362,-5.868634706559533,-10.349611164936505,-23.781754128503962,-53.15777092809731,-42.259020549056004,-66.91885479945631,-109.8995009346836,-98.76485278870678,-115.15277224619058,-111.84722775380942,-182.0,-86.0,-139.0,-9.0,-6.0,-11.0,-2.0,-2.0,-5.0,-1.0,-2.0,0.0,
2016-07-15,-2.0,-2.0,-5.0,-9.0,-28.0,-50.0,-42.0,-67.0,-110.0,-102.0,-113.0,-113.0,-183.0,-87.0,-138.0,-9.0,-8.0,-11.0,-1.0,-2.0,-4.0,-2.0,-2.0,2.0,
2016-08-18,-1.999999999996362,-4.000000000003638,-3.0,-10.0,-28.0,-50.0,-43.0,-67.0,-111.0,-103.0,-112.0,-114.0,-184.0,-86.0,-139.0,-9.0,-6.0,-11.0,-2.0,-2.0,-5.0,-2.0,-2.0,2.0,
2016-09-23,-3.000000000003638,-0.999999999996362,-4.0,-11.0,-28.0,-50.0,-42.0,-68.0,-111.0,-103.0,-112.0,-114.0,-183.0,-86.0,-138.0,-11.0,-7.0,-10.0,-2.0,-2.0,-5.0,-1.0,-2.0,0.0,
2016-10-13,-1.2458400539617287,-1.7541599460382713,-4.0,-11.0,-28.0,-48.0,-42.0,-67.0,-111.0,-102.0,-112.0,-114.0,-182.0,-87.0,-138.0,-10.0,-8.0,-10.0,-2.0,-2.0,-4.0,-2.0,-2.0,1.0,
2016-11-17,-0.999999999996362,-3.000000000003638,-5.0,-10.0,-27.0,-49.0,-43.0,-68.0,-111.0,-102.0,-112.0,-114.0,-183.0,-86.0,-138.0,-10.0,-8.0,-10.0,-2.0,-2.0,-5.0,-2.0,-1.0,1.0,
2016-12-21,-2.000000000003638,-1.999999999996362,-5.0,-10.0,-26.0,-51.0,-42.0,-67.0,-111.0,-103.0,-111.0,-115.0,-181.0,-87.0,-139.0,-9.0,-7.0,-11.0,-1.0,-3.0,-6.0,0.0,-2.0,1.0,
2017-01-17,-2.000000000003638,-1.999999999996362,-4.0,-11.0,-26.0,-50.0,-42.0,-67.0,-110.0,-103.0,-112.0,-114.0,-182.0,-88.0,-138.0,-8.0,-8.0,-11.0,0.0,-4.0,-5.0,-1.0,-2.0,1.0,
2017-02-16,-3.000000000003638,-2.999999999996362,-4.0,-10.0,-27.0,-49.0,-43.0,-67.0,-111.0,-102.0,-112.0,-115.0,-182.0,-87.0,-139.0,-9.0,-7.0,-12.0,0.0,-3.0,-4.0,-3.0,0.0,-1.0,
2017-03-10,-3.000000000003638,-2.999999999996362,-4.0,-11.0,-27.0,-49.0,-43.0,-67.0,-111.0,-101.0,-113.0,-115.0,-182.0,-87.0,-138.0,-10.0,-7.0,-11.0,-1.0,-3.0,-5.0,-1.0,-1.0,-1.0,
2017-04-07,-3.000000000003638,-1.999999999996362,-6.0,-10.0,-27.0,-51.0,-42.0,-68.0,-110.0,-101.0,-114.0,-115.0,-183.0,-85.0,-139.0,-9.0,-8.0,-11.0,-1.0,-3.0,-5.0,-2.0,-1.0,0.0,
2017-05-03,-2.0,-2.0,-5.0,-11.0,-26.0,-51.0,-42.0,-68.0,-110.0,-102.0,-113.0,-115.0,-182.0,-87.0,-140.0,-9.0,-7.0,-11.0,-1.0,-3.0,-4.0,-2.0,-1.0,0.0,
2017-06-16,-0.999999999996362,-2.000000000003638,-3.0,-17.89926988536172,-20.10073011463828,-50.0,-44.0,-66.0,-111.0,-102.0,-113.0,-115.0,-183.0,-87.0,-139.0,-11.0,-6.0,-11.0,-2.0,-3.0,-3.0,-2.0,-2.0,1.0,
2017-07-17,-2.000000000003638,-2.8522227038156416,-6.032068896536657,-10.251484517939389,-26.36285426456743,-49.50136961713724,-43.0,-68.0,-113.0,-103.0,-111.0,-115.0,-185.0,-85.0,-137.0,-13.0,-6.0,-10.0,-1.0,-4.0,-6.0,1.0,-2.0,0.0,
2017-08-04,3.637978807091713e-12,-3.000000000003638,-7.157346692241845,-6.842653307758155,-28.0,-49.0,-43.0,-68.0,-111.0,-103.0,-112.0,-115.0,-183.0,-87.0,-139.0,-10.0,-7.0,-11.0,-2.0,-2.0,-5.0,-1.0,-2.0,1.0,
2017-09-08,-3.000000000003638,-2.999999999996362,-3.0,-13.0,-26.0,-50.0,-43.0,-68.0,-112.0,-101.0,-114.0,-115.0,-182.0,-87.0,-140.0,-9.0,-7.0,-12.0,-1.0,-2.0,-5.0,-2.0,-2.0,0.0,
2017-10-11,-3.0,-2.0,-6.0,-9.0,-28.0,-51.0,-43.0,-67.0,-113.0,-102.0,-114.0,-114.0,-183.0,-88.0,-139.0,-10.0,-7.0,-11.0,-2.0,-2.0,-5.0,-1.0,-2.0,1.0,
2017-11-03,-2.0,-2.0,-6.0,-9.0,-28.0,-51.0,-43.0,-67.0,-112.0,-103.0,-113.0,-114.0,-184.0,-87.0,-139.0,-10.0,-7.0,-11.0,-1.0,-3.0,-5.0,-2.0,0.0,0.0,
2017-12-04,-1.999999999996362,-3.000000000003638,-5.0,-10.0,-27.0,-51.0,-43.0,-67.0,-112.0,-102.0,-113.0,-115.0,-183.0,-87.0,-139.0,-10.0,-7.0,-11.0,-2.0,-3.0,-4.0,-2.0,-1.0,0.0,
2018-01-18,-2.0,-2.0,-6.0,-9.0,-27.0,-51.0,-42.0,-67.0,-112.0,-102.0,-113.0,-115.0,-182.0,-87.0,-139.0,-10.0,-8.0,-11.0,-2.0,-2.0,-4.0,-2.0,-2.0,1.0,
2018-02-09,-1.999999999996362,-3.000000000003638,-6.0,-8.0,-27.0,-51.0,-43.0,-66.0,-112.0,-102.0,-112.0,-115.0,-182.0,-88.0,-139.0,-9.0,-8.0,-11.0,-1.0,-3.0,-4.0,-2.0,-2.0,1.0,
2018-03-16,-3.000000000003638,-2.999999999996362,-6.0,-9.0,-27.0,-51.0,-43.0,-66.0,-113.0,-102.0,-113.0,-115.0,-182.0,-88.0,-139.0,-10.0,-7.0,-11.0,-2.0,-3.0,-4.0,-2.0,-1.0,0.0,
2018-04-12,-4.000000000003638,-1.999999999996362,-7.0,-9.0,-27.0,-52.0,-43.0,-67.0,-112.0,-103.0,-113.0,-115.0,-183.0,-87.0,-140.0,-9.0,-8.0,-11.0,-1.0,-3.0,-5.0,-2.0,-2.0,1.0,
2018-05-11,-4.0,-3.0,-6.0,-10.0,-28.0,-50.0,-43.0,-68.0,-112.0,-103.0,-113.0,-114.0,-185.0,-87.0,-140.0,-10.0,-7.0,-11.0,-1.0,-4.0,-6.0,-1.0,-1.0,1.0,
2018-06-21,-2.0,-2.0,-6.0,-10.0,-27.0,-52.0,-43.0,-68.0,-112.0,-103.0,-113.0,-115.0,-184.0,-88.0,-140.0,-10.0,-7.0,-11.0,-1.0,-4.0,-5.0,-2.0,-3.0,2.0,
2018-07-19,-1.540417211879685,-1.565631672139716,-6.0,-10.766249614112894,-25.233750385887106,-52.0,-44.0,-67.0,-114.0,-101.0,-114.0,-115.0,-184.0,-88.0,-140.0,-9.0,-9.0,-11.0,0.0,-5.0,-5.0,-1.0,-2.0,2.0,
2018-08-16,-2.000000000003638,-2.999999999996362,-5.0,-10.0,-29.0,-50.0,-44.0,-68.0,-113.0,-102.0,-114.0,-115.0,-184.0,-88.0,-140.0,-10.0,-7.0,-12.0,-1.0,-4.0,-4.0,-2.0,-2.0,1.0,
2018-09-20,-2.000000000003638,-2.999999999996362,-5.0,-10.0,-28.0,-50.0,-44.0,-67.0,-113.0,-104.0,-112.0,-115.0,-184.0,-88.0,-139.0,-10.0,-8.0,-11.0,-1.0,-4.0,-4.0,-2.0,-2.0,1.0,
2018-10-22,-2.0,-3.0,-5.0,-11.0,-28.0,-50.0,-44.0,-67.0,-113.0,-103.0,-113.0,-115.0,-185.0,-87.0,-140.0,-9.0,-9.0,-11.0,-1.0,-3.0,-5.0,-2.0,-1.0,0.0,
2018-11-19,-2.999999999996362,-4.000000000003638,-5.0,-9.0,-27.0,-53.0,-43.0,-68.0,-112.0,-104.0,-113.0,-115.0,-184.0,-88.0,-140.0,-9.0,-9.0,-11.0,-1.0,-3.0,-5.0,-2.0,-2.0,0.0,
2018-12-10,-2.999999999996362,-3.000000000003638,-5.0,-9.0,-28.0,-52.0,-43.0,-68.0,-112.0,-104.0,-113.0,-114.0,-185.0,-87.0,-140.0,-10.0,-6.0,-13.0,-1.0,-3.0,-4.0,-4.0,0.0,0.0,
2019-01-07,-2.999999999996362,-4.000000000003638,-4.0,-10.0,-28.0,-50.0,-43.0,-68.0,-112.0,-103.0,-113.0,-115.0,-184.0,-88.0,-140.0,-10.0,-6.0,-13.0,-2.0,-2.0,-5.0,-1.0,-3.0,1.0,
2019-02-15,-3.000000000003638,-2.999999999996362,-5.0,-10.0,-28.0,-50.0,-43.0,-68.0,-112.0,-103.0,-114.0,-115.0,-183.0,-88.0,-140.0,-9.0,-8.0,-12.0,-1.0,-3.0,-5.0,-2.0,-1.0,1.0,
2019-03-04,-3.000000000003638,-2.999999999996362,-5.0,-11.0,-27.0,-51.0,-43.0,-68.0,-112.0,-103.0,-114.0,-114.0,-185.0,-88.0,-140.0,-9.0,-7.0,-12.0,-2.0,-2.0,-6.0,-2.0,-2.0,1.0,
2019-04-15,-4.000000000003638,-1.999999999996362,-4.0,-13.0,-27.0,-50.0,-43.0,-68.0,-113.0,-103.0,-113.0,-115.0,-184.0,-88.0,-141.0,-9.0,-8.0,-12.0,0.0,-4.0,-5.0,-1.0,-2.0,1.0,
2019-05-14,-2.0,-2.0,-6.0,-10.0,-27.0,-52.0,-43.0,-68.0,-112.0,-103.0,-114.0,-116.0,-183.0,-87.0,-141.0,-10.0,-6.0,-13.0,0.0,-4.0,-5.0,-2.0,-1.0,-1.0,
2019-06-14,-1.0,-3.0,-4.0,-10.0,-27.0,-52.0,-43.0,-68.0,-112.0,-102.0,-114.0,-115.0,-183.0,-88.0,-140.0,-10.0,-7.0,-12.0,-1.0,-4.0,-4.0,-2.0,-2.0,0.0,
2019-07-05,-1.999999999996362,-2.000000000003638,-5.0,-9.0,-27.0,-52.0,-43.0,-68.0,-112.0,-102.0,-114.0,-115.0,-184.0,-87.0,-141.0,-9.0,-7.0,-13.0,0.0,-4.0,-4.0,-2.0,-2.0,1.0,
2019-08-12,-2.0,-3.0,-6.0,-9.0,-29.0,-51.0,-43.0,-68.0,-112.0,-104.0,-114.0,-115.0,-184.0,-87.0,-141.0,-9.0,-7.0,-13.0,-1.0,-3.0,-4.0,-3.0,-1.0,1.0,
2019-09-06,-1.000000000003638,-1.999999999996362,-5.0,-9.0,-28.0,-51.0,-43.0,-68.0,-112.0,-104.0,-112.0,-116.0,-183.0,-88.0,-140.0,-10.0,-7.0,-12.0,-1.0,-3.0,-4.0,-2.0,-2.0,1.0,
2019-10-09,-2.0,-3.0,-5.0,-10.0,-28.0,-52.0,-44.0,-67.0,-112.0,-103.0,-114.0,-115.0,-185.0,-88.0,-139.0,-10.0,-7.0,-13.0,-1.0,-3.0,-4.0,-2.0,-2.0,1.0,
2019-11-12,-3.000000000003638,-1.999999999996362,-5.0,-10.0,-28.0,-52.0,-43.0,-67.0,-114.0,-104.0,-112.0,-116.0,-184.0,-87.0,-141.0,-10.0,-8.0,-12.0,-1.0,-2.0,-5.0,-2.0,-2.0,0.0,
2019-12-09,-2.000000000003638,-2.999999999996362,-5.0,-10.0,-27.0,-52.0,-44.0,-67.0,-113.0,-103.0,-112.0,-116.0,-184.0,-88.0,-140.0,-10.0,-7.0,-13.0,-1.0,-3.0,-4.0,-2.0,-2.0,1.0,
2020-01-15,-3.0,-2.0,-5.0,-10.0,-28.0,-50.0,-42.0,-68.0,-112.0,-102.0,-114.0,-115.0,-185.0,-87.0,-140.0,-10.0,-7.0,-13.0,-1.0,-3.0,-4.0,-2.0,-1.0,2.0,
2020-02-07,-4.0,-2.0,-5.0,-10.0,-27.0,-51.0,-43.0,-67.0,-113.0,-103.0,-113.0,-115.0,-185.0,-87.0,-140.0,-10.0,-7.0,-12.0,-2.0,-2.0,-5.0,-2.0,-2.0,3.0,
2020-03-06,-4.0,-3.0,-4.0,-11.0,-26.0,-53.0,-43.0,-68.0,-113.0,-102.0,-114.0,-115.0,-185.0,-87.0,-140.0,-10.0,-8.0,-12.0,-1.0,-2.0,-5.0,-3.0,-2.0,2.0,
2020-04-10,-4.999999999996362,-1.000000000003638,-6.0,-9.0,-28.0,-51.0,-44.0,-67.0,-113.0,-102.0,-114.0,-115.0,-184.0,-88.0,-140.0,-10.0,-8.0,-12.0,-2.0,-2.0,-5.0,-3.0,-1.0,1.0,
2020-05-08,-5.000000000003638,-1.999999999996362,-6.0,-10.0,-28.0,-52.0,-44.0,-69.0,-112.0,-104.0,-114.0,-116.0,-184.0,-88.0,-141.0,-11.0,-7.0,-12.0,-2.0,-3.0,-4.0,-3.0,0.0,0.0,
2020-06-03,-3.8548836395711987,-2.337509531818796,-6.125701163684425,-9.84195104984974,-28.263340847333893,-48.57661376774195,-44.0,-71.58540543931304,-108.41459456068696,-104.0,-114.0,-116.0,-185.0,-86.0,-142.0,-9.0,-7.0,-13.0,2.0,-4.0,-7.0,-1.0,0.0,-2.0,
2020-07-08,-3.000000000003638,-2.999999999996362,-6.0,-10.0,-28.0,-52.0,-43.0,-69.0,-114.0,-103.0,-114.0,-116.0,-185.0,-87.0,-141.0,-10.0,-7.0,-13.0,0.0,-5.0,-5.0,-1.0,-2.0,-1.0,
2020-08-06,-3.999999999996362,-4.000000000003638,-4.0,-10.0,-28.0,-54.0,-43.0,-68.0,-114.0,-103.0,-115.0,-115.0,-185.0,-87.0,-142.0,-10.0,-8.0,-13.0,0.0,-4.0,-5.0,-2.0,-2.0,0.0,
2020-09-11,-5.0,-2.0,-5.0,-9.0,-30.0,-52.0,-42.0,-68.0,-114.0,-103.0,-114.0,-115.0,-185.0,-88.0,-141.0,-11.0,-8.0,-12.0,-1.0,-3.0,-6.0,-3.0,-2.0,2.0,
2020-10-12,-3.999999999996362,-2.000000000003638,-6.0,-10.0,-28.0,-52.0,-44.0,-68.0,-113.0,-104.0,-114.0,-115.0,-185.0,-88.0,-141.0,-11.0,-8.0,-12.0,-1.0,-3.0,-6.0,-1.0,-2.0,3.0,
2020-11-12,-3.999999999996362,-3.000000000003638,-4.0,-11.0,-27.0,-52.0,-44.0,-68.0,-112.0,-105.0,-114.0,-115.0,-186.0,-87.0,-141.0,-11.0,-8.0,-12.0,-1.0,-4.0,-5.0,-1.0,-3.0,3.0,
2020-12-08,-4.000000000003638,-0.999999999996362,-6.0,-10.0,-27.0,-51.0,-44.0,-68.0,-113.0,-104.0,-113.0,-115.0,-186.0,-88.0,-141.0,-10.0,-8.0,-12.0,-2.0,-3.0,-4.0,-2.0,-3.0,3.0,
2021-01-15,-4.000000000003638,-2.999999999996362,-4.0,-11.0,-28.0,-51.0,-44.0,-68.0,-113.0,-104.0,-114.0,-116.0,-185.0,-88.0,-141.0,-11.0,-8.0,-12.0,-1.0,-3.0,-6.0,-1.0,-3.0,3.0,
2021-02-17,-3.999999999996362,-3.000000000003638,-3.0,-11.0,-29.0,-51.0,-44.0,-67.0,-113.0,-103.0,-114.0,-116.0,-185.0,-88.0,-141.0,-10.0,-8.0,-12.0,-2.0,-3.0,-6.0,0.0,-3.0,2.0,
2021-03-11,-4.0,-3.0,-6.0,-10.0,-29.0,-51.0,-44.0,-68.0,-113.0,-104.0,-114.0,-115.0,-186.0,-88.0,-142.0,-9.0,-9.0,-12.0,-2.0,-3.0,-5.0,-2.0,-2.0,2.0,
2021-04-11,-4.999999999996362,-4.000000000003638,-6.0,-9.0,-29.0,-52.0,-44.0,-67.0,-113.0,-105.0,-114.0,-117.0,-185.0,-88.0,-141.0,-10.0,-9.0,-11.0,-2.0,-5.0,-3.0,-4.0,0.0,1.0,
2021-05-06,-4.999999999996362,-3.000000000003638,-5.0,-10.0,-29.0,-52.0,-44.0,-68.0,-113.0,-105.0,-113.0,-117.0,-186.0,-88.0,-141.0,-11.0,-8.0,-12.0,-2.0,-4.0,-4.0,-2.0,-2.0,0.0,
2021-06-25,-3.999999999996362,-3.637978807091713e-12,-6.0,-10.0,-28.0,-52.0,-44.0,-68.0,-114.0,-103.0,-114.0,-117.0,-186.0,-87.0,-142.0,-11.0,-7.0,-13.0,-2.0,-4.0,-4.0,-3.0,-1.0,3.0,
2021-07-08,-3.0,-2.0,-5.0,-10.0,-28.0,-52.0,-44.0,-68.0,-114.0,-103.0,-114.0,-116.0,-187.0,-87.0,-142.0,-10.0,-8.0,-12.0,-2.0,-4.0,-5.0,-2.0,-1.0,3.0,
2021-08-11,-5.614890113538422,4.614890113538422,-12.538143619887705,-10.112008594653162,-19.349847785459133,-52.0,-43.0,-67.0,-113.0,-104.0,-112.0,-116.0,-186.0,-88.0,-142.0,-10.0,-8.0,-12.0,-2.0,-3.0,-5.0,-2.0,-2.0,3.0,
2021-09-08,-1.0,-3.0,-9.579552338211215,-5.420447661788785,-29.0,-53.0,-42.0,-68.0,-115.0,-105.0,-113.0,-116.0,-186.0,-88.0,-142.0,-11.0,-7.0,-13.0,-1.0,-4.0,-5.0,-2.0,-2.0,3.0,
2021-10-05,-2.0,-3.0,-6.0,-9.0,-29.0,-53.0,-43.0,-68.0,-115.0,-103.0,-115.0,-115.0,-186.0,-89.0,-141.0,-11.0,-8.0,-13.0,-1.0,-3.0,-5.0,-2.0,-2.0,3.0,
2021-11-02,-2.999999999996362,-3.000000000003638,-6.0,-10.0,-28.0,-52.0,-44.0,-68.0,-115.0,-103.0,-115.0,-116.0,-185.0,-88.0,-142.0,-10.0,-9.0,-12.0,-2.0,-3.0,-5.0,-2.0,-2.0,3.0,
