date,220.335,220.335_trend,220.335_0.5yr,220.335_1yr,220.335_3.13yr,220.335_6.99yr,220.335_12.39yr,220.335_jump,220.335_exp,220.335_model,220.335_noise,220.335_wtest,flagged
2003-12-03,0.000000,-3.710544,-0.097108,0.568361,0.540159,-0.805440,2.071702,0.000000,0.000000,-1.432870,1.432870,0.716435,False
2004-01-09,0.000000,-3.737151,-0.108175,0.433384,0.639136,-0.776216,2.077662,0.000000,0.000000,-1.471360,1.471360,0.735680,False
2004-02-12,0.000000,-3.761548,0.020429,0.157801,0.706820,-0.743759,2.078309,0.000000,0.000000,-1.541948,1.541948,0.770974,False
2004-03-17,-1.000000,-3.785945,0.124215,-0.170034,0.749996,-0.706119,2.074345,0.000000,0.000000,-1.713542,0.713542,0.356771,False
2004-04-27,-2.000000,-3.815365,0.050567,-0.481545,0.767402,-0.654211,2.063444,0.000000,0.000000,-2.069709,0.069709,0.034854,False
2004-05-26,-3.000000,-3.836175,-0.071148,-0.568511,0.756355,-0.613460,2.051711,0.000000,0.000000,-2.281229,-0.718771,-0.359386,False
2004-06-25,-2.000000,-3.857702,-0.127826,-0.513287,0.724841,-0.568034,2.036088,0.000000,0.000000,-2.305920,0.305920,0.152960,False
2004-07-26,-4.000000,-3.879946,-0.056552,-0.316819,0.671721,-0.517858,2.016250,0.000000,0.000000,-2.083204,-1.916796,-0.958398,False
2004-08-27,-2.000000,-3.902908,0.076530,-0.022950,0.596590,-0.462920,1.991871,0.000000,0.000000,-1.723787,-0.276213,-0.138107,False
2004-09-30,-2.000000,-3.927305,0.124384,0.294587,0.496742,-0.401425,1.961679,0.000000,0.000000,-1.451338,-0.548662,-0.274331,False
2004-10-28,1.000000,-3.947397,0.046501,0.486702,0.401408,-0.348662,1.933544,0.000000,0.000000,-1.427903,2.427903,1.213951,False
2004-11-26,-2.000000,-3.968206,-0.074758,0.569073,0.292740,-0.292280,1.901337,0.000000,0.000000,-1.572094,-0.427906,-0.213953,False
2004-12-24,-2.000000,-3.988298,-0.127965,0.517457,0.180774,-0.236433,1.867328,0.000000,0.000000,-1.787137,-0.212863,-0.106432,False
2005-01-25,-4.000000,-4.011307,-0.056293,0.316284,0.047486,-0.171120,1.824932,0.000000,0.000000,-2.050018,-1.949982,-0.974991,False
2005-02-24,-6.000000,-4.032893,0.069857,0.041036,-0.078967,-0.108875,1.781882,0.000000,0.000000,-2.327960,-3.672040,-1.836020,False
2005-03-24,-5.000000,-4.053040,0.127923,-0.227063,-0.195123,-0.050238,1.738908,0.000000,0.000000,-2.658632,-2.341368,-1.170684,False
2005-04-22,-4.000000,-4.073906,0.072448,-0.449516,-0.310526,0.010743,1.691626,0.000000,0.000000,-3.059130,-0.940870,-0.470435,False
2005-05-30,-5.000000,-4.101248,-0.083082,-0.569737,-0.449377,0.090516,1.625527,0.000000,0.000000,-3.487401,-1.512599,-0.756299,False
2005-06-13,-2.000000,-4.111321,-0.118740,-0.554296,-0.495900,0.119744,1.600022,0.000000,0.000000,-3.560492,1.560492,0.780246,False
2005-07-27,-2.000000,-4.142981,-0.054306,-0.312193,-0.621809,0.210515,1.515971,0.000000,0.000000,-3.404803,1.404803,0.702401,False
2005-08-17,-4.000000,-4.158091,0.035953,-0.123451,-0.669502,0.253031,1.473839,0.000000,0.000000,-3.188221,-0.811779,-0.405890,False
2005-09-30,-3.000000,-4.189750,0.124642,0.292451,-0.739897,0.339787,1.381537,0.000000,0.000000,-2.791229,-0.208771,-0.104385,False
2005-10-28,-5.000000,-4.209897,0.047230,0.485794,-0.762400,0.392982,1.320090,0.000000,0.000000,-2.726201,-2.273799,-1.136900,False
2005-11-28,-6.000000,-4.232202,-0.081394,0.569679,-0.766259,0.449688,1.249734,0.000000,0.000000,-2.810755,-3.189245,-1.594623,False
2005-12-28,-3.000000,-4.253788,-0.126515,0.499928,-0.748835,0.502074,1.179438,0.000000,0.000000,-2.947698,-0.052302,-0.026151,False
2006-01-11,-4.000000,-4.263861,-0.103156,0.420251,-0.733693,0.525600,1.145925,0.000000,0.000000,-3.008935,-0.991065,-0.495532,False
2006-02-23,,-4.294801,0.066125,0.050812,-0.660530,0.593835,1.040336,0.000000,0.000000,-3.204223,,,False
2006-03-24,-4.000000,-4.315667,0.127923,-0.227063,-0.590090,0.636142,0.967006,0.000000,0.000000,-3.401750,-0.598250,-0.299125,False
2006-04-28,-4.000000,-4.340851,0.049270,-0.483214,-0.485321,0.682864,0.876424,0.000000,0.000000,-3.700828,-0.299172,-0.149586,False
2006-05-24,-5.000000,-4.359559,-0.061350,-0.566259,-0.395646,0.714308,0.807781,0.000000,0.000000,-3.860724,-1.139276,-0.569638,False
2006-06-22,-5.000000,-4.380425,-0.127643,-0.527317,-0.286186,0.745921,0.729979,0.000000,0.000000,-3.845671,-1.154329,-0.577165,False
2006-07-21,-6.000000,-4.401291,-0.076920,-0.359669,-0.169461,0.773730,0.650992,0.000000,0.000000,-3.582618,-2.417382,-1.208691,False
2006-08-31,-4.000000,-4.430792,0.088792,0.012871,0.002183,0.806287,0.537548,0.000000,0.000000,-2.983111,-1.016889,-0.508445,False
2006-09-20,-8.000000,-4.445183,0.127126,0.204371,0.086415,0.819205,0.481554,0.000000,0.000000,-2.726511,-5.273489,-2.636744,False
2006-10-26,-8.000000,-4.471086,0.055301,0.475259,0.234724,0.837433,0.379857,0.000000,0.000000,-2.488511,-5.511489,-2.755744,False
2006-11-22,-5.000000,-4.490513,-0.059407,0.565695,0.340243,0.846793,0.302946,0.000000,0.000000,-2.494243,-2.505757,-1.252878,False
2006-12-21,-5.000000,-4.511379,-0.127464,0.529155,0.445176,0.852677,0.219866,0.000000,0.000000,-2.591969,-2.408031,-1.204016,False
2007-01-25,-5.000000,-4.536563,-0.056293,0.316284,0.556546,0.853988,0.119135,0.000000,0.000000,-2.746902,-2.253098,-1.126549,False
2007-02-15,-5.000000,-4.551673,0.033834,0.128234,0.613733,0.851729,0.058546,0.000000,0.000000,-2.865596,-2.134404,-1.067202,False
2007-03-29,-3.000000,-4.581893,0.126676,-0.271143,0.702922,0.840392,-0.062730,0.000000,0.000000,-3.245776,0.245776,0.122888,False
2007-04-26,-3.000000,-4.602040,0.057280,-0.472537,0.741851,0.827832,-0.143488,0.000000,0.000000,-3.591102,0.591102,0.295551,False
2007-05-24,-3.000000,-4.622187,-0.061350,-0.566259,0.763222,0.811337,-0.224028,0.000000,0.000000,-3.899264,0.899264,0.449632,False
2007-06-22,-3.000000,-4.643053,-0.127643,-0.527317,0.766312,0.790189,-0.307086,0.000000,0.000000,-4.048598,1.048598,0.524299,False
2007-07-18,-3.000000,-4.661761,-0.087055,-0.381999,0.752536,0.767800,-0.381132,0.000000,0.000000,-3.991611,0.991611,0.495806,False
2007-08-23,-4.000000,-4.687664,0.060381,-0.065446,0.708219,0.731627,-0.482816,0.000000,0.000000,-3.735700,-0.264300,-0.132150,False
2007-09-13,-6.000000,-4.702774,0.119933,0.138958,0.669431,0.707852,-0.541591,0.000000,0.000000,-3.608191,-2.391809,-1.195905,False
2007-10-18,-5.000000,-4.727957,0.084604,0.427621,0.585272,0.664054,-0.638498,0.000000,0.000000,-3.604904,-1.395096,-0.697548,False
2007-11-13,-5.000000,-4.746665,-0.022014,0.548445,0.508555,0.628307,-0.709523,0.000000,0.000000,-3.792894,-1.207106,-0.603553,False
2007-12-10,-4.000000,-4.766092,-0.114196,0.559454,0.417924,0.588462,-0.782297,0.000000,0.000000,-4.096746,0.096746,0.048373,False
2008-01-16,-6.000000,-4.792685,-0.088787,0.385919,0.279382,0.529741,-0.880111,0.000000,0.000000,-4.566542,-1.433458,-0.716729,False
2008-02-19,-5.000000,-4.817082,0.049914,0.091032,0.142015,0.471998,-0.967812,0.000000,0.000000,-5.029935,0.029935,0.014967,False
2008-03-13,-5.000000,-4.833586,0.118827,-0.132321,0.045998,0.431046,-1.025934,0.000000,0.000000,-5.395969,0.395969,0.197985,False
2008-04-16,-7.000000,-4.857983,0.090356,-0.415821,-0.096830,0.368030,-1.109927,0.000000,0.000000,-6.022175,-0.977825,-0.488912,False
2008-05-20,-7.000000,-4.882381,-0.047884,-0.561632,-0.236301,0.302448,-1.191458,0.000000,0.000000,-6.617207,-0.382793,-0.191396,False
2008-06-24,-8.000000,-4.907495,-0.127965,-0.517457,-0.371267,0.232741,-1.272623,0.000000,0.000000,-6.964066,-1.035934,-0.517967,False
2008-07-16,-7.000000,-4.923282,-0.091899,-0.393057,-0.449418,0.188013,-1.322122,0.000000,0.000000,-6.991765,-0.008235,-0.004118,False
2008-08-21,-6.000000,-4.949114,0.053930,-0.081364,-0.562722,0.113697,-1.400449,0.000000,0.000000,-6.826021,0.826021,0.413010,False
2008-09-19,-5.000000,-4.969923,0.126724,0.197802,-0.638272,0.053158,-1.461022,0.000000,0.000000,-6.691533,1.691533,0.845766,False
2008-10-08,-8.000000,-4.983557,0.111552,0.358580,-0.679136,0.013329,-1.499434,0.000000,0.000000,-6.678666,-1.321334,-0.660667,False
2008-11-05,-10.000000,-5.003649,0.012419,0.522672,-0.725819,-0.045394,-1.554140,0.000000,0.000000,-6.793911,-3.206089,-1.603045,False
2008-12-04,-5.000000,-5.024458,-0.100130,0.567526,-0.756148,-0.105984,-1.608334,0.000000,0.000000,-7.027528,2.027528,1.013764,False
2009-01-14,-3.000000,-5.053903,-0.094797,0.399832,-0.766363,-0.190731,-1.680563,0.000000,0.000000,-7.386525,4.386525,2.193263,False
2009-02-05,-5.000000,-5.069733,-0.009810,0.221430,-0.755831,-0.235544,-1.717162,0.000000,0.000000,-7.566650,2.566650,1.283325,False
2009-03-04,-4.000000,-5.089160,0.096387,-0.037365,-0.727831,-0.289583,-1.759882,0.000000,0.000000,-7.807434,3.807434,1.903717,False
2009-04-17,-5.000000,-5.120820,0.089448,-0.417757,-0.648298,-0.374800,-1.824170,0.000000,0.000000,-8.296396,3.296396,1.648198,False
2009-05-06,-7.000000,-5.134491,0.015291,-0.520079,-0.601921,-0.410296,-1.849837,0.000000,0.000000,-8.501333,1.501333,0.750666,False
2009-06-10,-10.000000,-5.159674,-0.113185,-0.560361,-0.499724,-0.473276,-1.893731,0.000000,0.000000,-8.699953,-1.300047,-0.650024,False
2009-07-15,-6.000000,-5.184858,-0.096263,-0.403311,-0.379068,-0.532742,-1.933149,0.000000,0.000000,-8.529391,2.529391,1.264695,False
2009-08-12,-7.000000,-5.205004,0.014383,-0.170809,-0.272229,-0.577488,-1.961396,0.000000,0.000000,-8.172544,1.172544,0.586272,False
2009-09-15,-5.000000,-5.229468,0.122721,0.157895,-0.134089,-0.628112,-1.991703,0.000000,0.000000,-7.702756,2.702756,1.351378,False
2009-10-14,-7.000000,-5.250335,0.096985,0.400703,-0.012378,-0.667826,-2.014043,0.000000,0.000000,-7.446894,0.446894,0.223447,False
2009-11-11,-7.000000,-5.270482,-0.013288,0.542807,0.105468,-0.702943,-2.032512,0.000000,0.000000,-7.370949,0.370949,0.185474,False
2009-12-09,-10.000000,-5.290628,-0.112140,0.561227,0.220819,-0.734718,-2.047905,0.000000,0.000000,-7.403345,-2.596655,-1.298328,False
2010-01-19,-10.000000,-5.320129,-0.078669,0.363459,0.379562,-0.774908,-2.064848,0.000000,0.000000,-7.495533,-2.504467,-1.252233,False
2010-02-10,-9.000000,-5.335959,0.012192,0.175481,0.457295,-0.793241,-2.071181,0.000000,0.000000,-7.555412,-1.444588,-0.722294,False
2010-03-16,-7.000000,-5.360423,0.122078,-0.153178,0.563902,-0.816980,-2.077160,0.000000,0.000000,-7.721760,0.721760,0.360880,False
2010-04-14,-10.000000,-5.381289,0.098408,-0.397202,0.639420,-0.832709,-2.078599,0.000000,0.000000,-7.951969,-2.048031,-1.024015,False
2010-05-12,-9.000000,-5.401436,-0.011095,-0.541296,0.696951,-0.843868,-2.076786,0.000000,0.000000,-8.177529,-0.822471,-0.411235,False
2010-06-09,-8.000000,-5.421582,-0.111062,-0.562052,0.737988,-0.851016,-2.071831,0.000000,0.000000,-8.279555,0.279555,0.139777,False
2010-07-14,-8.000000,-5.446766,-0.099109,-0.410178,0.764647,-0.854261,-2.061229,0.000000,0.000000,-8.106896,0.106896,0.053448,False
2010-08-17,-7.000000,-5.471230,0.035953,-0.123451,0.763501,-0.851339,-2.046264,0.000000,0.000000,-7.692831,0.692831,0.346415,False
2010-09-14,-5.000000,-5.491377,0.121399,0.148449,0.742539,-0.844452,-2.030510,0.000000,0.000000,-7.353953,2.353953,1.176976,False
2010-10-12,-5.000000,-5.511523,0.102501,0.386523,0.704003,-0.833551,-2.011684,0.000000,0.000000,-7.163732,2.163732,1.081866,False
2010-11-16,-5.000000,-5.536707,-0.034895,0.555682,0.632548,-0.814362,-1.983874,0.000000,0.000000,-7.181608,2.181608,1.090804,False
2010-12-08,-6.000000,-5.552537,-0.109951,0.562835,0.575469,-0.799194,-1.963988,0.000000,0.000000,-7.287366,1.287366,0.643683,False
2011-01-13,-8.000000,-5.578440,-0.097700,0.406759,0.464351,-0.769338,-1.927499,0.000000,0.000000,-7.501867,-0.498133,-0.249067,False
2011-02-15,-9.000000,-5.602184,0.033834,0.128234,0.346436,-0.736656,-1.889813,0.000000,0.000000,-7.720149,-1.279851,-0.639925,False
2011-03-21,-10.000000,-5.626648,0.126853,-0.199786,0.213088,-0.697899,-1.846832,0.000000,0.000000,-8.031223,-1.968777,-0.984388,False
2011-04-26,-8.000000,-5.652551,0.057280,-0.472537,0.063904,-0.651539,-1.796834,0.000000,0.000000,-8.452277,0.452277,0.226138,False
2011-05-19,-8.000000,-5.669100,-0.041204,-0.558746,-0.033090,-0.619216,-1.762529,0.000000,0.000000,-8.683885,0.683885,0.341943,False
2011-06-28,-10.000000,-5.697881,-0.126828,-0.502261,-0.199610,-0.558336,-1.698604,0.000000,0.000000,-8.783520,-1.216480,-0.608240,False
2011-07-26,-10.000000,-5.718028,-0.058263,-0.320351,-0.310911,-0.512461,-1.650723,0.000000,0.000000,-8.570738,-1.429262,-0.714631,False
2011-08-24,-9.000000,-5.738894,0.064229,-0.055694,-0.418400,-0.462384,-1.598500,0.000000,0.000000,-8.209643,-0.790357,-0.395178,False
2011-09-20,-9.000000,-5.758322,0.127126,0.204371,-0.508980,-0.413635,-1.547545,0.000000,0.000000,-7.896985,-1.103015,-0.551508,False
2011-10-18,-9.000000,-5.778468,0.084604,0.427621,-0.591059,-0.361153,-1.492403,0.000000,0.000000,-7.710858,-1.289142,-0.644571,False
2011-11-18,-8.000000,-5.800774,-0.043284,0.559684,-0.665545,-0.301056,-1.428722,0.000000,0.000000,-7.679697,-0.320303,-0.160152,False
2011-12-20,-8.000000,-5.823799,-0.126994,0.532712,-0.722171,-0.237185,-1.360209,0.000000,0.000000,-7.737646,-0.262354,-0.131177,False
2012-01-12,-8.000000,-5.840326,-0.100570,0.413769,-0.749138,-0.190407,-1.309365,0.000000,0.000000,-7.776036,-0.223964,-0.111982,False
2012-02-21,-7.000000,-5.869029,0.057883,0.071671,-0.767450,-0.107810,-1.217928,0.000000,0.000000,-7.832662,0.832662,0.416331,False
2012-03-01,-8.664672,-5.875487,0.089853,-0.016166,-0.766496,-0.089054,-1.196829,0.000000,0.000000,-7.854179,-0.810494,-0.405247,False
2012-04-01,-8.824408,-5.897731,0.123276,-0.302915,-0.748972,-0.024174,-1.122750,0.000000,0.000000,-7.973266,-0.851142,-0.425571,False
2012-05-01,-8.790033,-5.919258,0.033995,-0.501305,-0.711436,0.038751,-1.049089,0.000000,0.000000,-8.108342,-0.681692,-0.340846,False
2012-06-01,-8.466751,-5.941503,-0.091404,-0.569364,-0.652477,0.103548,-0.971069,0.000000,0.000000,-8.122269,-0.344482,-0.172241,False
2012-07-01,-7.801492,-5.963029,-0.123848,-0.485139,-0.577482,0.165687,-0.893859,0.000000,0.000000,-7.877670,0.076178,0.038089,False
2012-08-01,-6.836979,-5.985274,-0.031872,-0.266449,-0.483626,0.228950,-0.812454,0.000000,0.000000,-7.350726,0.513747,0.256874,False
2012-09-01,-5.710878,-6.007518,0.092928,0.025940,-0.375822,0.290886,-0.729551,0.000000,0.000000,-6.703138,0.992260,0.496130,False
2012-10-01,-4.601370,-6.029045,0.123276,0.302915,-0.261142,0.349223,-0.648039,0.000000,0.000000,-6.162813,1.561442,0.780721,False
2012-11-01,-3.667548,-6.051290,0.029740,0.505879,-0.135267,0.407510,-0.562636,0.000000,0.000000,-5.806063,2.138516,1.069258,False
2012-12-01,-3.005998,-6.072816,-0.091404,0.569364,-0.009699,0.461672,-0.478998,0.000000,0.000000,-5.621881,2.615884,1.307942,False
2013-01-01,-2.638575,-6.095061,-0.122668,0.479939,0.120289,0.515005,-0.391704,0.000000,0.000000,-5.494200,2.855625,1.427813,False
2013-02-01,-2.529528,-6.117366,-0.027234,0.257024,0.247147,0.565487,-0.303446,0.000000,0.000000,-5.378389,2.848861,1.424430,False
2013-03-01,-2.601340,-6.137513,0.087193,-0.007968,0.355667,0.608260,-0.223240,0.000000,0.000000,-5.317601,2.716262,1.358131,False
2013-04-01,-2.764034,-6.159818,0.124124,-0.296648,0.465894,0.652236,-0.134053,0.000000,0.000000,-5.348265,2.584231,1.292116,False
2013-05-01,-2.905930,-6.181404,0.036830,-0.498152,0.559732,0.691179,-0.047503,0.000000,0.000000,-5.439319,2.533389,1.266695,False
2013-06-01,-2.922855,-6.203710,-0.089582,-0.569547,0.640701,0.727455,0.042016,0.000000,0.000000,-5.452668,2.529813,1.264907,False
2013-07-01,-2.741717,-6.225296,-0.124388,-0.487707,0.701389,0.758528,0.128575,0.000000,0.000000,-5.248899,2.507182,1.253591,False
2013-08-01,-2.368562,-6.247601,-0.033653,-0.270066,0.744071,0.786287,0.217783,0.000000,0.000000,-4.803179,2.434617,1.217308,False
2013-09-01,-1.904690,-6.269906,0.091912,0.022674,0.765178,0.809466,0.306587,0.000000,0.000000,-4.274090,2.369399,1.184700,False
2013-10-01,-1.511301,-6.291492,0.123569,0.300824,0.764479,0.827409,0.391986,0.000000,0.000000,-3.883225,2.371924,1.185962,False
2013-11-01,-1.345562,-6.313798,0.030454,0.505125,0.741948,0.841206,0.479515,0.000000,0.000000,-3.715549,2.369987,1.184993,False
2013-12-01,-1.509037,-6.335383,-0.091142,0.569394,0.699649,0.849893,0.563376,0.000000,0.000000,-3.744214,2.235177,1.117588,False
2014-01-01,-2.012751,-6.357689,-0.122668,0.479939,0.635993,0.853998,0.649002,0.000000,0.000000,-3.861425,1.848674,0.924337,False
2014-02-01,-2.807744,-6.379994,-0.027234,0.257024,0.553896,0.853128,0.733424,0.000000,0.000000,-4.009757,1.202013,0.601007,False
2014-03-01,-3.815473,-6.400141,0.087193,-0.007968,0.465862,0.848069,0.808512,0.000000,0.000000,-4.198473,0.383000,0.191500,False
2014-04-23,,-6.438276,0.068774,-0.455475,0.270946,0.827493,0.947201,0.000000,0.000000,-4.779337,,,False
2014-05-07,-6.000000,-6.448349,0.010908,-0.524007,0.214912,0.819688,0.983009,0.000000,0.000000,-4.943839,-1.056161,-0.528080,False
2014-06-17,-14.000000,-6.477850,-0.124170,-0.543914,0.044748,0.791264,1.085686,0.000000,0.000000,-5.224236,-8.775764,-4.387882,True
2014-07-15,-8.000000,-6.497997,-0.096263,-0.403311,-0.073297,0.767200,1.153802,-1.984056,-0.703176,-7.837097,-0.162903,-0.081452,False
2014-08-13,-8.000000,-6.518863,0.018752,-0.161428,-0.193694,0.738434,1.222510,-1.984056,-1.233829,-8.112174,0.112174,0.056087,False
2014-09-01,-8.000000,-6.532534,0.091912,0.022674,-0.270095,0.717535,1.266456,-1.984056,-1.499413,-8.187520,0.187520,0.093760,False
2014-10-15,-7.000000,-6.564193,0.094054,0.407615,-0.434367,0.663193,1.364788,-1.984056,-1.936240,-8.389206,1.389206,0.694603,False
2014-11-21,-8.000000,-6.590816,-0.055470,0.564443,-0.553266,0.611445,1.443544,-1.984056,-2.169709,-8.733884,0.733884,0.366942,False
2014-12-04,-11.000000,-6.600170,-0.099919,0.567591,-0.589846,0.592036,1.470320,-1.984056,-2.231449,-8.875492,-2.124508,-1.062254,False
2015-01-12,-10.000000,-6.628231,-0.100488,0.413566,-0.680834,0.530250,1.547736,-1.984056,-2.371138,-9.273194,-0.726806,-0.363403,False
2015-02-09,-12.000000,-6.648378,0.007800,0.184786,-0.727104,0.482842,1.600528,-1.984056,-2.439978,-9.523560,-2.476440,-1.238220,False
2015-03-19,-8.000000,-6.675720,0.125388,-0.181301,-0.762230,0.414877,1.668285,-1.984056,-2.504930,-9.899687,1.899687,0.949843,False
2015-04-24,-10.000000,-6.701623,0.065018,-0.461300,-0.764916,0.347130,1.728191,-1.984056,-2.545679,-10.317236,0.317236,0.158618,False
2015-05-15,-12.000000,-6.716733,-0.024181,-0.549753,-0.752639,0.306316,1.761149,-1.984056,-2.562918,-10.522816,-1.477184,-0.738592,False
2015-06-12,-10.000000,-6.736880,-0.117026,-0.556483,-0.720718,0.250643,1.802756,-1.984056,-2.580453,-10.642217,0.642217,0.321109,False
2015-07-10,-12.000000,-6.757027,-0.109286,-0.436413,-0.671740,0.193778,1.841636,-1.984056,-2.593297,-10.516404,-1.483596,-0.741798,False
2015-08-19,-11.000000,-6.785808,0.044319,-0.104232,-0.574561,0.111014,1.892330,-1.984056,-2.605922,-10.006916,-0.993084,-0.496542,False
2015-09-22,-10.000000,-6.810272,0.127839,0.222557,-0.469960,0.039786,1.930831,-1.984056,-2.613018,-9.556293,-0.443707,-0.221854,False
2015-10-13,-9.000000,-6.825382,0.099802,0.393671,-0.396911,-0.004379,1.952465,-1.984056,-2.616234,-9.381024,0.381024,0.190512,False
2015-11-10,-8.000000,-6.845529,-0.008899,0.539746,-0.291465,-0.063227,1.978721,-1.984056,-2.619506,-9.294214,1.294214,0.647107,False
2015-12-16,-7.000000,-6.871432,-0.123618,0.545354,-0.146124,-0.138408,2.008075,-1.984056,-2.622460,-9.332670,2.332670,1.166335,False
2016-01-11,-9.000000,-6.890120,-0.103227,0.420432,-0.037382,-0.192007,2.026137,-1.984056,-2.623966,-9.384189,0.384189,0.192095,False
2016-02-23,-11.000000,-6.920975,0.065578,0.052226,0.142765,-0.278681,2.050176,-1.984056,-2.625671,-9.498639,-1.501361,-0.750680,False
2016-03-14,-10.000000,-6.935326,0.120389,-0.141815,0.224456,-0.317994,2.058882,-1.984056,-2.626227,-9.601691,-0.398309,-0.199154,False
2016-04-19,-9.000000,-6.961159,0.080559,-0.435320,0.364063,-0.386762,2.070565,-1.984056,-2.626963,-9.879073,0.879073,0.439537,False
2016-05-01,-9.287275,-6.969769,0.033995,-0.501305,0.407708,-0.409039,2.073316,-1.984056,-2.627150,-9.976299,0.689024,0.344512,False
2016-06-15,-9.000000,-7.002060,-0.122464,-0.547988,0.554205,-0.489260,2.078523,-1.984056,-2.627666,-10.140765,1.140765,0.570382,False
2016-07-06,-11.000000,-7.017129,-0.116519,-0.457740,0.611544,-0.524710,2.078189,-1.984056,-2.627831,-10.038252,-0.961748,-0.480874,False
2016-08-15,-8.000000,-7.045831,0.029050,-0.138915,0.697797,-0.588299,2.072686,-1.984056,-2.628058,-9.585625,1.585625,0.792813,False
2016-08-16,-5.621186,-7.046549,0.033311,-0.129409,0.699538,-0.589818,2.072467,-1.984056,-2.628062,-9.572577,3.951391,1.975695,False
2016-09-23,-10.000000,-7.073816,0.127978,0.233998,0.749709,-0.644840,2.061193,-1.984056,-2.628200,-9.158035,-0.841965,-0.420983,False
2016-10-12,-10.000000,-7.087450,0.101914,0.388115,0.762708,-0.670274,2.053411,-1.984056,-2.628250,-9.063883,-0.936117,-0.468059,False
2016-11-12,-10.000000,-7.109694,-0.018257,0.546090,0.766124,-0.708616,2.037662,-1.984056,-2.628312,-9.099060,-0.900940,-0.450470,False
2016-12-06,-10.000000,-7.126916,-0.105362,0.565463,0.753576,-0.735491,2.022885,-1.984056,-2.628347,-9.238247,-0.761753,-0.380877,False
2017-01-17,-10.000000,-7.157085,-0.085428,0.378346,0.700427,-0.776362,1.991620,-1.984056,-2.628390,-9.560927,-0.439073,-0.219536,False
2017-02-08,-12.000000,-7.172914,0.003398,0.194036,0.657448,-0.794523,1.972505,-1.984056,-2.628406,-9.752513,-2.247487,-1.123744,False
2017-03-08,-11.000000,-7.193061,0.107032,-0.076392,0.588942,-0.814259,1.945514,-1.984056,-2.628421,-10.054701,-0.945299,-0.472649,False
2017-04-17,-12.000000,-7.221842,0.089448,-0.417757,0.467370,-0.835720,1.901860,-1.984056,-2.628436,-10.629133,-1.370867,-0.685434,False
2017-05-18,-9.000000,-7.244148,-0.037009,-0.556744,0.357313,-0.846786,1.863982,-1.984056,-2.628444,-11.075893,2.075893,1.037946,False
2017-06-14,-8.000000,-7.263575,-0.120313,-0.551945,0.252895,-0.852407,1.828171,-1.984056,-2.628449,-11.319679,3.319679,1.659839,False
2017-07-18,-11.000000,-7.288039,-0.087055,-0.381999,0.113784,-0.854125,1.779424,-1.984056,-2.628454,-11.330520,0.330520,0.165260,False
2017-08-02,-12.000000,-7.298832,-0.029383,-0.261391,0.050856,-0.852980,1.756649,-1.984056,-2.628455,-11.247591,-0.752409,-0.376204,False
2017-09-10,-9.000000,-7.326893,0.114689,0.110250,-0.113302,-0.844563,1.693889,-1.984056,-2.628458,-10.978443,1.978443,0.989222,False
2017-10-06,-11.000000,-7.345601,0.116038,0.341306,-0.220314,-0.834619,1.649274,-1.984056,-2.628459,-10.906430,-0.093570,-0.046785,False
2017-11-02,-8.000000,-7.365028,0.026157,0.509587,-0.326653,-0.820673,1.600667,-1.984056,-2.628460,-10.988459,2.988459,1.494229,False
2017-12-21,-10.000000,-7.400285,-0.127464,0.529155,-0.499755,-0.786153,1.506752,-1.984056,-2.628461,-11.390268,1.390268,0.695134,False
2018-01-11,-11.000000,-7.415395,-0.103156,0.420251,-0.563544,-0.767823,1.464338,-1.984056,-2.628462,-11.577847,0.577847,0.288923,False
2018-02-06,-10.000000,-7.434103,-0.005412,0.212360,-0.632032,-0.742290,1.410104,-1.984056,-2.628462,-11.803891,1.803891,0.901946,False
2018-03-13,-11.000000,-7.459287,0.117468,-0.124646,-0.703640,-0.703136,1.334204,-1.984056,-2.628462,-12.151555,1.151555,0.575777,False
2018-04-10,-11.000000,-7.479433,0.108708,-0.368157,-0.742308,-0.668039,1.271204,-1.984056,-2.628463,-12.490542,1.490542,0.745271,False
2018-05-08,-10.000000,-7.499580,0.006513,-0.527780,-0.763408,-0.629766,1.206281,-1.984056,-2.628463,-12.820259,2.820259,1.410129,False
2018-06-20,-11.000000,-7.530520,-0.126703,-0.534432,-0.760590,-0.565230,1.103058,-1.984056,-2.628463,-13.026935,2.026935,1.013468,False
2018-07-16,,-7.549228,-0.093303,-0.396323,-0.738237,-0.523087,1.038711,-1.984056,-2.628463,-12.873986,,,False
2018-08-06,-9.000000,-7.564338,-0.012005,-0.225940,-0.709150,-0.487474,0.985744,-1.984056,-2.628463,-12.625682,3.625682,1.812841,False
2018-09-04,-11.000000,-7.585204,0.100604,0.052031,-0.653552,-0.436173,0.911231,-1.984056,-2.628463,-12.223583,1.223583,0.611791,False
2018-10-02,-13.000000,-7.605351,0.122350,0.309109,-0.584110,-0.384528,0.837881,-1.984056,-2.628463,-11.917168,-1.082832,-0.541416,False
2018-11-16,-12.000000,-7.637730,-0.034895,0.555682,-0.444369,-0.297805,0.717391,-1.984056,-2.628463,-11.754245,-0.245755,-0.122877,False
2018-12-07,-11.000000,-7.652840,-0.107631,0.564275,-0.369303,-0.256017,0.660173,-1.984056,-2.628463,-11.773863,0.773863,0.386931,False
2019-01-09,-10.000000,-7.676584,-0.108123,0.433245,-0.241808,-0.189012,0.569143,-1.984056,-2.628463,-11.825658,1.825658,0.912829,False
2019-02-11,-12.000000,-7.700328,0.016570,0.166125,-0.106369,-0.120758,0.476917,-1.984056,-2.628463,-11.880363,-0.119637,-0.059818,False
2019-03-05,-12.000000,-7.716158,0.099227,-0.047145,-0.013855,-0.074785,0.414864,-1.984056,-2.628463,-11.950371,-0.049629,-0.024815,False
2019-04-10,-12.000000,-7.742061,0.108708,-0.368157,0.137348,0.000855,0.312514,-1.984056,-2.628463,-12.163311,0.163311,0.081655,False
2019-05-06,-11.000000,-7.760769,0.015291,-0.520079,0.243548,0.055514,0.238093,-1.984056,-2.628463,-12.340921,1.340921,0.670460,False
2019-06-11,-11.000000,-7.786672,-0.115174,-0.558505,0.381944,0.130773,0.134557,-1.984056,-2.628463,-12.425596,1.425596,0.712798,False
2019-07-03,-13.000000,-7.802502,-0.122022,-0.477279,0.459496,0.176297,0.071103,-1.984056,-2.628463,-12.307426,-0.692574,-0.346287,False
2019-08-06,-11.000000,-7.826965,-0.012005,-0.225940,0.565759,0.245586,-0.027073,-1.984056,-2.628463,-11.893157,0.893157,0.446579,False
2019-09-03,-12.000000,-7.847112,0.097821,0.042256,0.638602,0.301377,-0.107887,-1.984056,-2.628463,-11.487462,-0.512538,-0.256269,False
2019-10-07,-11.000000,-7.871576,0.114112,0.349108,0.706598,0.367172,-0.205788,-1.984056,-2.628463,-11.152894,0.152894,0.076447,False
2019-11-06,-11.000000,-7.893162,0.008712,0.525913,0.746193,0.423105,-0.291797,-1.984056,-2.628463,-11.093556,0.093556,0.046778,False
2019-12-11,-11.000000,-7.918346,-0.116117,0.557515,0.766727,0.485422,-0.391490,-1.984056,-2.628463,-11.228808,0.228808,0.114404,False
2020-01-14,-12.000000,-7.942784,-0.094902,0.400080,0.759576,0.542453,-0.487350,-1.984056,-2.628463,-11.435447,-0.564553,-0.282277,False
2020-02-06,-12.000000,-7.959288,-0.005845,0.213255,0.739744,0.578845,-0.551487,-1.984056,-2.628463,-11.597294,-0.402706,-0.201353,False
2020-03-04,-12.000000,-7.978662,0.098747,-0.045463,0.701496,0.619203,-0.626058,-1.984056,-2.628463,-11.843256,-0.156744,-0.078372,False
2020-04-21,-14.000000,-8.013105,0.073546,-0.447682,0.596325,0.684122,-0.756399,-1.984056,-2.628463,-12.475712,-1.524288,-0.762144,False
2020-05-05,-11.000000,-8.023151,0.016784,-0.518702,0.557510,0.701305,-0.793811,-1.984056,-2.628463,-12.672584,1.672584,0.836292,False
2020-06-11,-10.000000,-8.049701,-0.116223,-0.557398,0.439772,0.742676,-0.891210,-1.984056,-2.628463,-13.044603,3.044603,1.522302,False
2020-07-07,-15.000000,-8.068357,-0.114633,-0.451849,0.345922,0.768099,-0.958267,-1.984056,-2.628463,-13.091604,-1.908396,-0.954198,False
2020-08-04,-12.000000,-8.088449,-0.018959,-0.240171,0.237057,0.791974,-1.029088,-1.984056,-2.628463,-12.960156,0.960156,0.480078,False
2020-09-09,-11.000000,-8.114281,0.113311,0.103617,0.089262,0.817156,-1.117854,-1.984056,-2.628463,-12.721308,1.721308,0.860654,False
2020-10-14,-12.000000,-8.139396,0.096362,0.402205,-0.057804,0.835519,-1.201491,-1.984056,-2.628463,-12.677124,0.677124,0.338562,False
2020-11-09,-12.000000,-8.158053,-0.005136,0.537001,-0.165977,0.845172,-1.261802,-1.984056,-2.628463,-12.821315,0.821315,0.410657,False
2020-12-11,-13.000000,-8.181015,-0.116223,0.557398,-0.294262,0.852321,-1.333776,-1.984056,-2.628463,-13.128076,0.128076,0.064038,False
2021-01-13,-10.000000,-8.204718,-0.097700,0.406759,-0.417160,0.854181,-1.405322,-1.984056,-2.628463,-13.476480,3.476480,1.738240,False
2021-02-18,-12.000000,-8.230621,0.046379,0.099407,-0.535719,0.849789,-1.480137,-1.984056,-2.628463,-13.863421,1.863421,0.931711,False
2021-03-10,-13.000000,-8.245011,0.111605,-0.095781,-0.592805,0.844460,-1.520112,-1.984056,-2.628463,-14.110165,1.110165,0.555082,False
2021-04-07,-15.000000,-8.265158,0.115092,-0.345220,-0.660551,0.833563,-1.574100,-1.984056,-2.628463,-14.508893,-0.491107,-0.245554,False
2021-05-04,-14.000000,-8.284585,0.023997,-0.511762,-0.711086,0.819302,-1.623904,-1.984056,-2.628463,-14.900558,0.900558,0.450279,False
2021-06-03,-15.000000,-8.306171,-0.095658,-0.568682,-0.748843,0.799213,-1.676560,-1.984056,-2.628463,-15.209222,0.209222,0.104611,False
2021-07-02,-18.295094,-8.327038,-0.123278,-0.482564,-0.766015,0.775647,-1.724693,-1.984056,-2.628463,-15.260460,-3.034633,-1.517317,False
2021-08-03,-14.000000,-8.350063,-0.025078,-0.252638,-0.762396,0.745060,-1.774553,-1.984056,-2.628463,-15.032186,1.032186,0.516093,False
2021-09-10,-14.000000,-8.377405,0.114689,0.110250,-0.727562,0.702748,-1.829200,-1.984056,-2.628463,-14.618998,0.618998,0.309499,False
2021-10-07,-12.000000,-8.396832,0.114112,0.349108,-0.683427,0.668923,-1.864938,-1.984056,-2.628463,-14.425574,2.425574,1.212787,False
2021-11-04,-12.000000,-8.416979,0.017476,0.518057,-0.621785,0.630725,-1.899228,-1.984056,-2.628463,-14.384254,2.384254,1.192127,False
2021-12-03,-15.269658,-8.437845,-0.097108,0.568361,-0.542450,0.588004,-1.931712,-1.984056,-2.628463,-14.465269,-0.804390,-0.402195,False
2022-01-01,-14.618307,-8.458711,-0.122668,0.479939,-0.449345,0.542286,-1.961061,-1.984056,-2.628463,-14.582079,-0.036228,-0.018114,False
2022-02-01,-15.104725,-8.481017,-0.027234,0.257024,-0.337272,0.490364,-1.988913,-1.984056,-2.628463,-14.699567,-0.405158,-0.202579,False
2022-03-01,-15.589758,-8.501163,0.087193,-0.007968,-0.227542,0.441002,-2.010900,-1.984056,-2.628463,-14.831897,-0.757862,-0.378931,False
2022-04-01,-16.004888,-8.523469,0.124124,-0.296648,-0.099887,0.383917,-2.031692,-1.984056,-2.628463,-15.056173,-0.948714,-0.474357,False
2022-05-01,-16.275012,-8.545055,0.036830,-0.498152,0.026447,0.326540,-2.048225,-1.984056,-2.628463,-15.314133,-0.960879,-0.480439,False
2022-06-01,-16.347865,-8.567360,-0.089582,-0.569547,0.156198,0.265383,-2.061572,-1.984056,-2.628463,-15.479000,-0.868866,-0.434433,False
2022-07-01,-16.200515,-8.588946,-0.124388,-0.487707,0.277488,0.204723,-2.070848,-1.984056,-2.628463,-15.402196,-0.798319,-0.399159,False
2022-08-01,-15.860265,-8.611251,-0.033653,-0.270066,0.394867,0.140872,-2.076654,-1.984056,-2.628463,-15.068405,-0.791860,-0.395930,False
2022-09-01,-15.421908,-8.633557,0.091912,0.022674,0.500795,0.076199,-2.078608,-1.984056,-2.628463,-14.633103,-0.788805,-0.394402,False
2022-10-01,-15.021321,-8.655143,0.123569,0.300824,0.589508,0.013187,-2.076828,-1.984056,-2.628463,-14.317401,-0.703920,-0.351960,False
2022-11-01,-14.782307,-8.677448,0.030454,0.505125,0.664333,-0.051998,-2.071199,-1.984056,-2.628463,-14.213251,-0.569056,-0.284528,False
2022-12-01,-14.772090,-8.699034,-0.091142,0.569394,0.718421,-0.114795,-2.062094,-1.984056,-2.628463,-14.291768,-0.480321,-0.240161,False
2023-01-01,-14.972339,-8.721339,-0.122668,0.479939,0.753800,-0.179023,-2.048923,-1.984056,-2.628463,-14.450733,-0.521606,-0.260803,False
2023-02-22,-16.432923,-8.758755,0.062314,0.060573,0.763835,-0.284233,-2.018310,-1.984056,-2.628463,-14.787095,-1.645828,-0.822914,False
2023-03-15,-16.418682,-8.773865,0.120684,-0.143709,0.750173,-0.325496,-2.002952,-1.984056,-2.628463,-14.987684,-1.430999,-0.715499,False
2023-04-11,-15.400373,-8.793292,0.106319,-0.375587,0.717961,-0.377256,-1.980702,-1.984056,-2.628463,-15.315076,-0.085297,-0.042649,False
2023-05-10,-16.380707,-8.814158,-0.002297,-0.534855,0.665788,-0.430985,-1.953701,-1.984056,-2.628463,-15.682727,-0.697980,-0.348990,False
2023-06-13,-15.357651,-8.838622,-0.118740,-0.554296,0.583220,-0.491161,-1.918009,-1.984056,-2.628463,-15.950129,0.592478,0.296239,False
2023-07-11,-16.338663,-8.858769,-0.106929,-0.430044,0.499805,-0.538152,-1.885399,-1.984056,-2.628463,-15.932007,-0.406656,-0.203328,False
2023-08-15,-15.314929,-8.883953,0.027418,-0.142524,0.379160,-0.593268,-1.840631,-1.984056,-2.628463,-15.666317,0.351388,0.175694,False
2023-09-06,-15.300010,-8.899782,0.105808,0.071530,0.295852,-0.625682,-1.810257,-1.984056,-2.628463,-15.475051,0.175041,0.087521,False
2023-10-02,-15.282378,-8.918490,0.122350,0.309109,0.191919,-0.661616,-1.772181,-1.984056,-2.628463,-15.341429,0.059051,0.029526,False
2023-11-15,-16.252541,-8.950149,-0.030636,0.553433,0.008263,-0.716177,-1.702507,-1.984056,-2.628463,-15.450292,-0.802249,-0.401125,False
2023-12-13,-18.233553,-8.970296,-0.119544,0.553141,-0.109543,-0.746561,-1.654839,-1.984056,-2.628463,-15.660161,-2.573393,-1.286696,False
2024-01-01,-16.081977,-8.983967,-0.122668,0.479939,-0.188175,-0.765165,-1.621062,-1.984056,-2.628463,-15.813617,-0.268360,-0.134180,False
2024-02-05,-14.196934,-9.009082,-0.010230,0.222294,-0.326669,-0.794951,-1.556086,-1.984056,-2.628463,-16.087244,1.890310,0.945155,False
2024-03-06,-16.176590,-9.030608,0.104100,-0.064932,-0.436009,-0.815817,-1.497475,-1.984056,-2.628463,-16.353260,0.176669,0.088335,False
2024-04-17,-18.148109,-9.060746,0.087192,-0.422446,-0.568695,-0.837571,-1.411095,-1.984056,-2.628463,-16.825880,-1.322229,-0.661114,False
2024-05-15,-18.129121,-9.080838,-0.026906,-0.551347,-0.640832,-0.847138,-1.350837,-1.984056,-2.628463,-17.110415,-1.018706,-0.509353,False
2024-06-13,-15.109455,-9.101647,-0.119626,-0.553019,-0.699625,-0.852824,-1.286284,-1.984056,-2.628463,-17.225544,2.116088,1.058044,False
2024-07-10,-18.091146,-9.121021,-0.108175,-0.433384,-0.738510,-0.854232,-1.224314,-1.984056,-2.628463,-17.092154,-0.998992,-0.499496,False
2024-08-06,-19.072837,-9.140396,-0.010230,-0.222294,-0.761230,-0.851884,-1.160631,-1.984056,-2.628463,-16.759183,-2.313654,-1.156827,False
2024-09-04,-17.053171,-9.161205,0.101483,0.055205,-0.767066,-0.845193,-1.090424,-1.984056,-2.628463,-16.319717,-0.733453,-0.366727,False
2024-10-01,-18.034861,-9.180579,0.123276,0.302915,-0.755087,-0.835109,-1.023474,-1.984056,-2.628463,-15.980576,-2.054285,-1.027142,False
2024-11-13,-17.005702,-9.211434,-0.022595,0.548799,-0.702126,-0.811496,-0.913932,-1.984056,-2.628463,-15.725303,-1.280399,-0.640199,False
2024-12-04,-16.991461,-9.226503,-0.100130,0.567526,-0.661866,-0.796657,-0.859232,-1.984056,-2.628463,-15.689382,-1.302080,-0.651040,False
2025-01-01,-17.047113,-9.246595,-0.122668,0.479939,-0.594652,-0.773585,-0.785174,-1.984056,-2.628463,-15.655254,-1.391859,-0.695930,False
2025-02-20,-17.938567,-9.282571,0.054476,0.080037,-0.440576,-0.723217,-0.649689,-1.984056,-2.628463,-15.574060,-2.364507,-1.182254,False
2025-03-12,-15.925004,-9.296962,0.115650,-0.115057,-0.368933,-0.699955,-0.594581,-1.984056,-2.628463,-15.572357,-0.352647,-0.176324,False
2025-04-09,-15.906017,-9.317109,0.110969,-0.360617,-0.261346,-0.664550,-0.516667,-1.984056,-2.628463,-15.621838,-0.284178,-0.142089,False
2025-05-07,-16.887029,-9.337255,0.010908,-0.524007,-0.147574,-0.625986,-0.437971,-1.984056,-2.628463,-15.674404,-1.212625,-0.606313,False
2025-06-04,-17.868042,-9.357402,-0.098528,-0.567997,-0.030309,-0.584447,-0.358613,-1.984056,-2.628463,-15.609815,-2.258227,-1.129113,False
2025-07-09,-16.844307,-9.382586,-0.111513,-0.442654,0.116953,-0.528641,-0.258666,-1.984056,-2.628463,-15.219625,-1.624682,-0.812341,False
2025-08-06,-18.825319,-9.402732,-0.012005,-0.225940,0.231909,-0.481149,-0.178256,-1.984056,-2.628463,-14.680692,-4.144627,-2.072314,False
2025-09-17,-15.796838,-9.432953,0.124928,0.176645,0.393237,-0.405697,-0.057175,-1.984056,-2.628463,-13.813533,-1.983305,-0.991652,False
2025-10-02,-16.786666,-9.443746,0.122350,0.309109,0.446207,-0.377655,-0.013863,-1.984056,-2.628463,-13.570118,-3.216548,-1.608274,False
