date,274.072,274.072_exp_trend,274.072_trend,274.072_0.5yr,274.072_1yr,274.072_4.66yr,274.072_model,274.072_noise,274.072_wtest,flagged
1997-05-19,0.000000,0.000000,0.383062,-0.053328,-0.101747,-0.029647,0.198340,-0.198340,-0.099170,False
1997-06-02,-1.000000,-0.024154,0.393419,-0.043060,-0.123265,-0.011377,0.191563,-1.191563,-0.595781,False
1997-07-01,-0.741969,-0.074033,0.414874,0.004195,-0.144239,0.026508,0.227304,-0.969273,-0.484637,False
1997-08-15,1.000000,-0.151021,0.448166,0.054005,-0.108009,0.084536,0.327677,0.672323,0.336161,False
1997-09-09,,-0.193577,0.466662,0.032905,-0.058169,0.115867,0.363688,,,False
1997-10-06,-1.000000,-0.239366,0.486637,-0.014719,0.007247,0.148588,0.388387,-1.388387,-0.694194,False
1997-11-04,,-0.288349,0.508092,-0.051725,0.075410,0.182079,0.425506,,,False
1997-12-10,0.809681,-0.348872,0.534725,-0.031786,0.132917,0.220708,0.507693,0.301989,0.150994,False
1998-01-14,0.000000,-0.407415,0.560619,0.029499,0.141508,0.254534,0.578746,-0.578746,-0.289373,False
1998-02-04,1.000000,-0.442399,0.576156,0.052116,0.122174,0.272823,0.580870,0.419130,0.209565,False
1998-03-06,-2.000000,-0.492193,0.598350,0.039136,0.068223,0.296079,0.509595,-2.509595,-1.254797,False
1998-04-10,0.000000,-0.550016,0.624244,-0.020869,-0.015919,0.318602,0.356043,-0.356043,-0.178021,False
1998-05-05,-1.000000,-0.591139,0.642740,-0.051445,-0.074347,0.331452,0.257260,-1.257260,-0.628630,False
1998-06-01,0.494400,-0.635388,0.662715,-0.044161,-0.121952,0.342154,0.203368,0.291032,0.145516,False
1998-07-01,0.522983,-0.684351,0.684909,0.004195,-0.144239,0.350054,0.210568,0.312415,0.156208,False
1998-08-01,0.544095,-0.734725,0.707844,0.049258,-0.127766,0.353704,0.248315,0.295780,0.147890,False
1998-09-01,0.557470,-0.784875,0.730779,0.043340,-0.075764,0.352721,0.266201,0.291269,0.145634,False
1998-10-14,2.000000,-0.854068,0.762591,-0.028319,0.026978,0.343722,0.250904,1.749096,0.874548,False
1998-11-06,0.000000,-0.890903,0.779607,-0.052691,0.079605,0.335332,0.250950,-0.250950,-0.125475,False
1998-12-04,1.000000,-0.935582,0.800322,-0.040086,0.126388,0.321861,0.272903,0.727097,0.363549,False
1999-01-05,0.000000,-0.986423,0.823996,0.014270,0.144259,0.302263,0.298365,-0.298365,-0.149182,False
1999-02-02,0.000000,-1.030718,0.844711,0.050997,0.124752,0.281643,0.271385,-0.271385,-0.135692,False
1999-03-02,1.000000,-1.074834,0.865426,0.043891,0.076819,0.258013,0.169314,0.830686,0.415343,False
1999-04-06,2.000000,-1.129731,0.891320,-0.013821,-0.006006,0.224629,-0.033608,2.033608,1.016804,False
1999-05-04,-3.576279,-1.173450,0.912035,-0.050840,-0.072205,0.195194,-0.189266,-3.387013,-1.693506,False
1999-06-01,0.000000,-1.216992,0.932750,-0.044161,-0.121952,0.163672,-0.286684,0.286684,0.143342,False
1999-07-13,-1.000000,-1.281979,0.963823,0.025493,-0.142617,0.113219,-0.322061,-0.677939,-0.338969,False
1999-08-17,,-1.335835,0.989717,0.053668,-0.104645,0.069043,-0.328052,,,False
1999-09-14,0.371362,-1.378725,1.010432,0.025065,-0.046591,0.032837,-0.356982,0.728345,0.364172,False
1999-10-07,1.000000,-1.413827,1.027447,-0.016502,0.009729,0.002816,-0.390336,1.390336,0.695168,False
1999-11-02,-1.000000,-1.453369,1.046683,-0.050514,0.071126,-0.031133,-0.417207,-0.582793,-0.291396,False
1999-12-07,1.000000,-1.506364,1.072577,-0.036129,0.129826,-0.076325,-0.416415,1.416415,0.708208,False
2000-01-05,-3.000000,-1.550073,1.094023,0.014251,0.144260,-0.112823,-0.410362,-2.589638,-1.294819,False
2000-02-16,1.000000,-1.613053,1.125011,0.053577,0.104002,-0.163168,-0.493632,1.493632,0.746816,False
2000-03-14,0.500000,-1.653340,1.144932,0.026212,0.048234,-0.193546,-0.627508,1.127508,0.563754,False
2000-04-11,-2.000000,-1.694954,1.165590,-0.023792,-0.020171,-0.223025,-0.796351,-1.203649,-0.601824,False
2000-05-09,0.000000,-1.736401,1.186249,-0.053450,-0.084003,-0.250132,-0.937737,0.937737,0.468869,False
2000-06-21,-0.140502,-1.799727,1.217974,-0.013298,-0.141184,-0.286493,-1.022728,0.882227,0.441113,False
2000-07-31,-4.000000,-1.858284,1.247486,0.048803,-0.128431,-0.313893,-1.004318,-2.995682,-1.497841,False
2000-08-29,1.000000,-1.900528,1.268882,0.046117,-0.081309,-0.329531,-0.996369,1.996369,0.998184,False
2000-09-01,-0.260114,-1.904888,1.271096,0.042966,-0.075057,-0.330937,-0.996821,0.736707,0.368353,False
2000-10-03,2.000000,-1.951278,1.294705,-0.009725,0.000404,-0.343388,-1.009282,3.009282,1.504641,False
2000-10-31,-2.000000,-1.991694,1.315364,-0.049196,0.067131,-0.350377,-1.008772,-0.991228,-0.495614,False
2000-11-01,-0.374182,-1.993135,1.316102,-0.049939,0.069316,-0.350558,-1.008214,0.634032,0.317016,False
2000-12-05,-1.000000,-2.041986,1.341187,-0.038717,0.127658,-0.353870,-0.965729,-0.034271,-0.017136,False
2001-01-01,-0.443700,-2.080611,1.361108,0.006973,0.144373,-0.352550,-0.920707,0.477008,0.238504,False
2001-02-01,-0.476075,-2.124772,1.384042,0.050346,0.125985,-0.346717,-0.911116,0.435041,0.217520,False
2001-03-01,-0.507436,-2.164491,1.404757,0.044953,0.078912,-0.337541,-0.973410,0.465974,0.232987,False
2001-04-25,-1.000000,-2.242046,1.445447,-0.042787,-0.052042,-0.309141,-1.200570,0.200570,0.100285,False
2001-05-01,-0.566349,-2.250470,1.449886,-0.048665,-0.065653,-0.305248,-1.220149,0.653801,0.326900,False
2001-06-07,-4.000000,-2.302255,1.477260,-0.036816,-0.129277,-0.278002,-1.269089,-2.730911,-1.365455,False
2001-07-02,0.000000,-2.337089,1.495755,0.006048,-0.144339,-0.256622,-1.236245,1.236245,0.618123,False
2001-08-28,-2.000000,-2.416043,1.537925,0.047372,-0.084043,-0.200020,-1.114808,-0.885192,-0.442596,False
2001-09-26,-2.000000,-2.455965,1.559380,0.003713,-0.017565,-0.167657,-1.078095,-0.921905,-0.460953,False
2001-10-31,-1.000000,-2.503926,1.585274,-0.049064,0.066758,-0.126074,-1.027032,0.027032,0.013516,False
2001-11-29,-2.000000,-2.543482,1.606729,-0.045714,0.119915,-0.089995,-0.952548,-1.047452,-0.523726,False
2001-12-13,-2.000000,-2.562519,1.617086,-0.027104,0.135654,-0.072182,-0.909064,-1.090936,-0.545468,False
2002-01-30,-3.000000,-2.627499,1.652598,0.048866,0.128340,-0.009940,-0.807635,-2.192365,-1.096183,False
2002-02-26,1.000000,-2.663853,1.672573,0.047815,0.085050,0.025334,-0.833081,1.833081,0.916540,False
2002-03-26,1.000000,-2.701406,1.693288,0.006493,0.021260,0.061645,-0.918720,1.918720,0.959360,False
2002-04-30,-1.000000,-2.748134,1.719182,-0.047823,-0.063429,0.106061,-1.034143,0.034143,0.017072,False
2002-05-29,-1.000000,-2.786673,1.740637,-0.047146,-0.117797,0.141553,-1.069426,0.069426,0.034713,False
2002-06-18,-1.000000,-2.813159,1.755433,-0.019557,-0.139080,0.165108,-1.051253,0.051253,0.025627,False
2002-07-31,-1.000000,-2.869845,1.787246,0.048460,-0.128905,0.212542,-0.950503,-0.049497,-0.024748,False
2002-08-26,0.000000,-2.903951,1.806481,0.049056,-0.088035,0.238698,-0.897751,0.897751,0.448875,False
2002-09-13,-1.000000,-2.927488,1.819798,0.026700,-0.048937,0.255531,-0.874396,-0.125604,-0.062802,False
2002-09-24,1.000000,-2.941842,1.827936,0.007417,-0.022489,0.265266,-0.863712,1.863712,0.931856,False
2002-10-25,1.000000,-2.982172,1.850870,-0.043351,0.053199,0.290296,-0.831157,1.831157,0.915578,False
2002-11-25,1.000000,-3.022322,1.873805,-0.049251,0.114094,0.311524,-0.772150,1.772150,0.886075,False
2002-12-23,1.000000,-3.058433,1.894520,-0.009715,0.142132,0.327196,-0.704300,1.704300,0.852150,False
2003-01-27,0.000000,-3.103368,1.920414,0.046215,0.131587,0.341852,-0.663302,0.663302,0.331651,False
2003-02-25,1.000000,-3.140429,1.941869,0.048657,0.087047,0.349680,-0.713177,1.713177,0.856589,False
2003-03-25,-0.948493,-3.176066,1.962584,0.008338,0.023716,0.353435,-0.827994,-0.120499,-0.060249,False
2003-04-28,-0.975171,-3.219146,1.987738,-0.045971,-0.058926,0.352915,-0.983391,0.008220,0.004110,False
2003-05-26,-1.000000,-3.254466,2.008453,-0.049628,-0.113328,0.348308,-1.060661,0.060661,0.030331,False
2003-06-23,-2.000000,-3.289644,2.029168,-0.010629,-0.141907,0.339979,-1.073034,-0.926966,-0.463483,False
2003-07-29,0.000000,-3.334666,2.055801,0.046692,-0.131070,0.323947,-1.039295,1.039295,0.519648,False
2003-08-29,-3.000000,-3.373248,2.078736,0.046446,-0.082009,0.305545,-1.024530,-1.975470,-0.987735,False
2003-09-30,-3.000000,-3.412894,2.102410,-0.003730,-0.007662,0.282354,-1.039522,-1.960478,-0.980239,False
2003-10-30,-1.000000,-3.449897,2.124605,-0.048251,0.064544,0.257026,-1.051974,0.051974,0.025987,False
2003-11-01,-1.155666,-3.452359,2.126084,-0.049819,0.068952,0.255222,-1.051918,-0.103748,-0.051874,False
2003-12-03,-2.000000,-3.491642,2.149759,-0.041313,0.125167,0.224528,-1.033501,-0.966499,-0.483250,False
2003-12-23,0.000000,-3.516102,2.164555,-0.009715,0.142132,0.203724,-1.015406,1.015406,0.507703,False
2004-01-13,-1.000000,-3.541710,2.180067,0.027869,0.141998,0.180722,-1.011053,0.011053,0.005527,False
2004-02-19,-1.000000,-3.586641,2.207366,0.052528,0.098706,0.137700,-1.090340,0.090340,0.045170,False
2004-03-18,-3.000000,-3.620483,2.228024,0.019488,0.038780,0.103400,-1.230791,-1.769209,-0.884604,False
2004-04-28,-2.000000,-3.669794,2.258274,-0.046623,-0.060460,0.051296,-1.467307,-0.532693,-0.266347,False
2004-05-27,-1.000000,-3.704497,2.279671,-0.048370,-0.115747,0.013666,-1.575278,0.575278,0.287639,False
2004-06-29,-2.000000,-3.743811,2.304018,0.001421,-0.144011,-0.029320,-1.611703,-0.388297,-0.194148,False
2004-07-29,-3.000000,-3.779389,2.326152,0.047087,-0.130622,-0.068040,-1.604811,-1.395189,-0.697594,False
2004-08-19,-1.000000,-3.804203,2.341646,0.052940,-0.100501,-0.094677,-1.604795,0.604795,0.302397,False
2004-09-24,-2.000000,-3.846566,2.368207,0.006917,-0.021824,-0.138937,-1.632204,-0.367796,-0.183898,False
2004-10-29,-1.000000,-3.887543,2.394030,-0.047537,0.062702,-0.179635,-1.657983,0.657983,0.328992,False
2004-11-30,-1.000000,-3.924828,2.417639,-0.044600,0.121400,-0.214250,-1.644639,0.644639,0.322320,False
2004-12-31,0.000000,-3.960784,2.440511,0.005127,0.144295,-0.244952,-1.615803,1.615803,0.807902,False
2005-01-26,-1.000000,-3.990818,2.459745,0.045220,0.132591,-0.268315,-1.621577,0.621577,0.310789,False
2005-02-25,-2.000000,-4.025332,2.481939,0.048657,0.087047,-0.292190,-1.699879,-0.300121,-0.150060,False
2005-03-25,-2.000000,-4.057412,2.502654,0.008338,0.023716,-0.311244,-1.833948,-0.166052,-0.083026,False
2005-04-27,-2.000000,-4.095054,2.527068,-0.044963,-0.056648,-0.329416,-1.999013,-0.000987,-0.000494,False
2005-05-10,-2.000000,-4.109834,2.536686,-0.053546,-0.084715,-0.335245,-2.046654,0.046654,0.023327,False
2005-06-14,-2.000000,-4.149489,2.562580,-0.026295,-0.136076,-0.347064,-2.096344,0.096344,0.048172,False
2005-07-29,-2.000000,-4.200182,2.595872,0.046692,-0.131070,-0.353731,-2.042419,0.042419,0.021209,False
2005-08-26,-3.000000,-4.231558,2.616587,0.049056,-0.088035,-0.352958,-2.006908,-0.993092,-0.496546,False
2005-09-28,-2.000000,-4.268376,2.641001,-0.000009,-0.012621,-0.347206,-1.987211,-0.012789,-0.006394,False
2005-10-26,-2.000000,-4.299479,2.661716,-0.044439,0.055502,-0.338279,-1.964978,-0.035022,-0.017511,False
2005-11-30,-2.000000,-4.338182,2.687610,-0.044692,0.121282,-0.322051,-1.896033,-0.103967,-0.051984,False
2005-12-26,-2.000000,-4.366806,2.706845,-0.004177,0.143262,-0.306497,-1.827373,-0.172627,-0.086313,False
2006-01-13,-1.000000,-4.386561,2.720162,0.027921,0.141983,-0.294064,-1.790558,0.790558,0.395279,False
2006-02-15,-1.000000,-4.422644,2.744576,0.053776,0.105498,-0.267939,-1.786733,0.786733,0.393367,False
2006-03-15,-1.000000,-4.453127,2.765291,0.025887,0.047766,-0.242636,-1.856819,0.856819,0.428410,False
2006-04-12,-2.000000,-4.483487,2.786007,-0.024253,-0.020850,-0.214740,-1.957323,-0.042677,-0.021339,False
2006-05-15,-3.000000,-4.519112,2.810421,-0.054065,-0.094455,-0.178940,-2.036151,-0.963849,-0.481924,False
2006-06-13,-2.000000,-4.550279,2.831876,-0.027906,-0.135223,-0.145268,-2.026801,0.026801,0.013401,False
2006-07-10,-2.000000,-4.579181,2.851851,0.020438,-0.143598,-0.112413,-1.962903,-0.037097,-0.018549,False
2006-08-22,-1.000000,-4.624977,2.883663,0.051720,-0.095703,-0.057919,-1.843216,0.843216,0.421608,False
2006-09-19,0.000000,-4.654647,2.904378,0.016485,-0.034668,-0.021563,-1.790015,1.790015,0.895008,False
2006-10-18,-2.000000,-4.685250,2.925833,-0.034377,0.036675,0.016330,-1.740789,-0.259211,-0.129605,False
2006-11-15,-3.000000,-4.714677,2.946548,-0.053908,0.097244,0.052743,-1.672050,-1.327950,-0.663975,False
2006-12-12,-1.000000,-4.742941,2.966523,-0.028699,0.134782,0.087326,-1.583009,0.583009,0.291505,False
2007-01-15,-1.000000,-4.778377,2.991677,0.031042,0.140992,0.129599,-1.485066,0.485066,0.242533,False
2007-02-06,-1.000000,-4.801214,3.007953,0.052989,0.119451,0.155905,-1.464916,0.464916,0.232458,False
2007-03-26,0.000000,-4.850790,3.043465,0.006493,0.021260,0.209499,-1.570072,1.570072,0.785036,False
2007-04-17,-2.000000,-4.873398,3.059741,-0.032176,-0.033057,0.231962,-1.646927,-0.353073,-0.176536,False
2007-05-15,-2.000000,-4.902069,3.080456,-0.054065,-0.094455,0.258318,-1.711814,-0.288186,-0.144093,False
2007-06-12,-2.000000,-4.930624,3.101171,-0.029484,-0.134331,0.281913,-1.711355,-0.288645,-0.144323,False
2007-07-13,-2.000000,-4.962105,3.124106,0.025493,-0.142617,0.304512,-1.650612,-0.349388,-0.174694,False
2007-08-15,-2.000000,-4.995463,3.148520,0.054005,-0.108009,0.324179,-1.576769,-0.423231,-0.211616,False
2007-09-19,-2.000000,-5.030671,3.174414,0.016485,-0.034668,0.339776,-1.534666,-0.465334,-0.232667,False
2007-10-16,-2.000000,-5.057710,3.194389,-0.031423,0.031845,0.347942,-1.514956,-0.485044,-0.242522,False
2007-11-16,-3.000000,-5.088626,3.217323,-0.053724,0.099067,0.353050,-1.472910,-1.527090,-0.763545,False
2007-12-06,-4.000000,-5.108498,3.232120,-0.037493,0.128718,0.353893,-1.431261,-2.568739,-1.284369,False
2008-01-11,1.000000,-5.144125,3.258733,0.024623,0.142817,0.350553,-1.367400,2.367400,1.183700,False
2008-02-12,-1.000000,-5.175639,3.282343,0.054090,0.110631,0.342411,-1.386164,0.386164,0.193082,False
2008-03-04,-2.000000,-5.196241,3.297837,0.040610,0.070778,0.334476,-1.452541,-0.547459,-0.273729,False
2008-04-07,-1.000000,-5.229466,3.322922,-0.016918,-0.010311,0.317411,-1.616362,0.616362,0.308181,False
2008-05-06,-1.000000,-5.257676,3.344318,-0.052313,-0.077845,0.298913,-1.744603,0.744603,0.372302,False
2008-06-03,-2.000000,-5.284802,3.364977,-0.041217,-0.125265,0.277816,-1.808491,-0.191509,-0.095754,False
2008-07-07,-2.000000,-5.317594,3.390062,0.016033,-0.144125,0.248252,-1.807372,-0.192628,-0.096314,False
2008-08-04,-2.000000,-5.344480,3.410720,0.051536,-0.123597,0.220963,-1.784857,-0.215143,-0.107571,False
2008-09-08,-3.000000,-5.377934,3.436543,0.033910,-0.059726,0.183584,-1.783623,-1.216377,-0.608188,False
2008-10-06,-2.000000,-5.404577,3.457202,-0.015144,0.007837,0.151455,-1.803227,-0.196773,-0.098386,False
2008-11-03,-1.000000,-5.431113,3.477860,-0.051247,0.073624,0.117715,-1.813160,0.813160,0.406580,False
2008-12-02,-3.000000,-5.458483,3.499256,-0.042395,0.124013,0.081457,-1.796153,-1.203847,-0.601924,False
2009-01-07,-1.000000,-5.492303,3.525829,0.017826,0.143945,0.035179,-1.769523,0.769523,0.384761,False
2009-02-04,-2.000000,-5.518486,3.546544,0.052116,0.122174,-0.001367,-1.799018,-0.200982,-0.100491,False
2009-03-03,-2.000000,-5.543634,3.566520,0.042777,0.074703,-0.036599,-1.896234,-0.103766,-0.051883,False
2009-04-07,-3.000000,-5.576088,3.592413,-0.015612,-0.008488,-0.081677,-2.089453,-0.910547,-0.455274,False
2009-05-08,-2.000000,-5.604698,3.615348,-0.052893,-0.080639,-0.120488,-2.243370,0.243370,0.121685,False
2009-06-03,-2.000000,-5.628594,3.634583,-0.041908,-0.124542,-0.151843,-2.312304,0.312304,0.156152,False
2009-07-07,-2.000000,-5.659709,3.659737,0.015166,-0.144196,-0.190691,-2.319693,0.319693,0.159846,False
2009-08-04,-3.000000,-5.685219,3.680452,0.051299,-0.124121,-0.220453,-2.298042,-0.701958,-0.350979,False
2009-09-07,-3.000000,-5.716058,3.705606,0.035781,-0.062684,-0.253396,-2.290751,-0.709249,-0.354624,False
2009-10-16,-3.000000,-5.751247,3.734459,-0.031423,0.031845,-0.286240,-2.302604,-0.697396,-0.348698,False
2009-11-03,-3.000000,-5.767421,3.747776,-0.051150,0.073279,-0.299435,-2.296951,-0.703049,-0.351525,False
2009-12-01,-3.000000,-5.792498,3.768491,-0.043617,0.122613,-0.317310,-2.262321,-0.737679,-0.368839,False
2010-01-11,-2.000000,-5.829037,3.798824,0.024668,0.142807,-0.337321,-2.200059,0.200059,0.100030,False
2010-02-03,-4.000000,-5.849440,3.815840,0.051587,0.123481,-0.345188,-2.203720,-1.796280,-0.898140,False
2010-03-09,-3.000000,-5.879477,3.840994,0.035077,0.061562,-0.352243,-2.294087,-0.705913,-0.352957,False
2010-04-06,-2.000000,-5.904104,3.861709,-0.013821,-0.006006,-0.353888,-2.416110,0.416110,0.208055,False
2010-05-07,-3.000000,-5.931254,3.884644,-0.052473,-0.078565,-0.351299,-2.528946,-0.471054,-0.235527,False
2010-06-08,-3.000000,-5.959153,3.908318,-0.035430,-0.130365,-0.343799,-2.560430,-0.439570,-0.219785,False
2010-07-13,-4.000000,-5.989521,3.934212,0.025493,-0.142617,-0.330108,-2.502541,-1.497459,-0.748729,False
2010-08-11,-3.000000,-6.014567,3.955666,0.053910,-0.114348,-0.314577,-2.433916,-0.566084,-0.283042,False
2010-09-08,-4.000000,-6.038651,3.976382,0.034363,-0.060436,-0.296157,-2.384498,-1.615502,-0.807751,False
2010-10-06,-3.000000,-6.062638,3.997097,-0.014719,0.007247,-0.274571,-2.347584,-0.652416,-0.326208,False
2010-11-10,-4.000000,-6.092486,4.022990,-0.053870,0.087706,-0.243491,-2.279151,-1.720849,-0.860425,False
2010-12-02,-4.000000,-6.111171,4.039266,-0.042490,0.123908,-0.221840,-2.212326,-1.787674,-0.893837,False
2011-01-05,-4.000000,-6.139931,4.064420,0.014270,0.144259,-0.185552,-2.102534,-1.897466,-0.948733,False
2011-02-09,-3.000000,-6.169391,4.090314,0.053826,0.115103,-0.145149,-2.055298,-0.944702,-0.472351,False
2011-03-10,-3.000000,-6.193689,4.111769,0.033639,0.059305,-0.109807,-2.098783,-0.901217,-0.450609,False
2011-04-11,-2.000000,-6.220383,4.135443,-0.022574,-0.018387,-0.069364,-2.195264,0.195264,0.097632,False
2011-05-10,-2.000000,-6.244468,4.156898,-0.053546,-0.084715,-0.031861,-2.257691,0.257691,0.128846,False
2011-06-07,-3.000000,-6.267628,4.177613,-0.036816,-0.129277,0.004700,-2.251407,-0.748593,-0.374297,False
2011-07-12,-2.000000,-6.296446,4.203507,0.023836,-0.142986,0.050286,-2.161804,0.161804,0.080902,False
2011-08-09,-1.000000,-6.319397,4.224222,0.053479,-0.117316,0.086185,-2.072827,1.072827,0.536413,False
2011-09-06,-2.000000,-6.342255,4.244937,0.037156,-0.064915,0.121164,-2.003913,0.003913,0.001956,False
2011-10-04,0.000000,-6.365022,4.265652,-0.011103,0.002278,0.154848,-1.953347,1.953347,0.976673,False
2011-11-08,1.000000,-6.393352,4.291546,-0.053407,0.083705,0.194584,-1.876924,2.876924,1.438462,False
2011-12-01,0.000000,-6.411891,4.308562,-0.043617,0.122613,0.218967,-1.805366,1.805366,0.902683,False
2012-01-04,-1.000000,-6.439184,4.333710,0.012451,0.144352,0.252062,-1.696610,0.696610,0.348305,False
2012-02-07,-3.000000,-6.466344,4.358795,0.053299,0.118181,0.281120,-1.654949,-1.345051,-0.672526,False
2012-03-01,-2.249609,-6.484642,4.375765,0.044068,0.077164,0.298305,-1.689341,-0.560268,-0.280134,False
2012-04-01,-2.242334,-6.509209,4.398636,-0.006051,0.004554,0.318060,-1.794010,-0.448323,-0.224162,False
2012-05-01,-2.235108,-6.532880,4.420771,-0.049196,-0.067131,0.333235,-1.895201,-0.339907,-0.169954,False
2012-06-01,-2.227734,-6.557232,4.443642,-0.043524,-0.122724,0.344642,-1.935196,-0.292538,-0.146269,False
2012-07-01,-2.219565,-6.580695,4.465776,0.005127,-0.144295,0.351407,-1.902679,-0.316886,-0.158443,False
2012-08-01,-2.211272,-6.604835,4.488648,0.049575,-0.127278,0.353893,-1.839997,-0.371275,-0.185637,False
2012-09-01,-2.203082,-6.628867,4.511520,0.042966,-0.075057,0.351768,-1.797670,-0.405412,-0.202706,False
2012-10-01,-2.194565,-6.652022,4.533654,-0.006051,-0.004554,0.345348,-1.783625,-0.410940,-0.205470,False
2012-11-01,-2.185718,-6.675844,4.556526,-0.049939,0.069316,0.334288,-1.765654,-0.420065,-0.210032,False
2012-12-01,-2.177197,-6.698797,4.578660,-0.043524,0.122724,0.319436,-1.721500,-0.455697,-0.227849,False
2013-01-01,-2.168344,-6.722411,4.601532,0.006973,0.144373,0.299997,-1.669537,-0.498807,-0.249403,False
2013-02-01,-2.158966,-6.745920,4.624466,0.050346,0.125985,0.276580,-1.668542,-0.490424,-0.245212,False
2013-03-01,-2.149535,-6.767064,4.645181,0.044953,0.078912,0.252306,-1.745711,-0.403824,-0.201912,False
2013-04-01,-2.140090,-6.790375,4.668116,-0.004659,0.006420,0.222298,-1.898200,-0.241890,-0.120945,False
2013-05-01,-2.130666,-6.812834,4.690311,-0.048665,-0.065653,0.190480,-2.046361,-0.084305,-0.042153,False
2013-06-01,-2.121056,-6.835941,4.713245,-0.044161,-0.121952,0.155152,-2.133657,0.012601,0.006301,False
2013-07-01,-2.111271,-6.858204,4.735440,0.004195,-0.144239,0.119023,-2.143786,0.032515,0.016257,False
2013-08-01,-2.101323,-6.881109,4.758374,0.049258,-0.127766,0.080161,-2.121082,0.019759,0.009879,False
2013-09-01,-2.091220,-6.903912,4.781309,0.043340,-0.075764,0.040249,-2.114778,0.023558,0.011779,False
2013-10-01,-2.077863,-6.925883,4.803504,-0.005586,-0.005178,0.001117,-2.132026,0.054163,0.027081,False
2013-11-01,-2.064227,-6.948487,4.826438,-0.049819,0.068952,-0.039328,-2.142243,0.078016,0.039008,False
2013-12-01,-2.050241,-6.970265,4.848633,-0.043617,0.122613,-0.077983,-2.120620,0.070379,0.035189,False
2014-01-01,-2.036100,-6.992672,4.871567,0.006973,0.144373,-0.116917,-2.086675,0.050576,0.025288,False
2014-02-01,-2.021510,-7.014978,4.894502,0.050346,0.125985,-0.154318,-2.098463,0.076953,0.038477,False
2014-03-01,-2.011420,-7.035041,4.915217,0.044953,0.078912,-0.186376,-2.182335,0.170915,0.085457,False
2014-04-17,-1.000000,-7.068536,4.949988,-0.032176,-0.033057,-0.235544,-2.419324,1.419324,0.709662,False
2014-05-05,-2.000000,-7.081304,4.963305,-0.051445,-0.074347,-0.252573,-2.496364,0.496364,0.248182,False
2014-06-11,-1.000000,-7.107446,4.990679,-0.031028,-0.133398,-0.283994,-2.565187,1.565187,0.782594,False
2014-07-17,-3.000000,-7.132748,5.017312,0.031800,-0.140717,-0.309485,-2.533838,-0.466162,-0.233081,False
2014-08-11,-2.000000,-7.150242,5.035808,0.053910,-0.114348,-0.323995,-2.498868,0.498868,0.249434,False
2014-09-23,-3.000000,-7.180185,5.067620,0.009256,-0.024941,-0.342436,-2.470686,-0.529314,-0.264657,False
2014-10-16,-2.000000,-7.196125,5.084636,-0.031423,0.031845,-0.348782,-2.459848,0.459848,0.229924,False
2014-11-19,-3.000000,-7.219593,5.109790,-0.052790,0.104359,-0.353544,-2.411778,-0.588222,-0.294111,False
2014-12-12,-2.000000,-7.235403,5.126806,-0.028699,0.134782,-0.353609,-2.356123,0.356123,0.178061,False
2015-01-15,-2.000000,-7.258679,5.151960,0.031042,0.140992,-0.349035,-2.283720,0.283720,0.141860,False
2015-02-10,-2.000000,-7.276401,5.171196,0.053978,0.113585,-0.341821,-2.279464,0.279464,0.139732,False
2015-03-16,-3.000000,-7.299477,5.196349,0.024237,0.045413,-0.327647,-2.361124,-0.638876,-0.319438,False
2015-04-22,-2.000000,-7.324461,5.223723,-0.039148,-0.045019,-0.306366,-2.491271,0.491271,0.245635,False
2015-05-13,-1.000000,-7.338582,5.239259,-0.054049,-0.090639,-0.291716,-2.535727,1.535727,0.767863,False
2015-06-11,-1.000000,-7.358012,5.260714,-0.031028,-0.133398,-0.268621,-2.530345,1.530345,0.765173,False
2015-07-03,-2.000000,-7.372698,5.276990,0.007895,-0.144396,-0.249030,-2.481240,0.481240,0.240620,False
2015-08-14,-2.000000,-7.400607,5.308063,0.054077,-0.109643,-0.207183,-2.355294,0.355294,0.177647,False
2015-09-24,-2.000000,-7.427690,5.338395,0.007417,-0.022489,-0.161523,-2.265890,0.265890,0.132945,False
2015-10-15,-2.000000,-7.441499,5.353932,-0.029889,0.029416,-0.136635,-2.224675,0.224675,0.112337,False
2015-11-23,-3.000000,-7.467035,5.382785,-0.050673,0.110979,-0.088350,-2.112294,-0.887706,-0.443853,False
2015-12-16,-2.000000,-7.482028,5.399801,-0.022134,0.138030,-0.058951,-2.025282,0.025282,0.012641,False
2016-01-14,-2.000000,-7.500861,5.421229,0.029444,0.141526,-0.021348,-1.930010,-0.069990,-0.034995,False
2016-02-25,-2.000000,-7.527998,5.452217,0.048778,0.087344,0.033346,-1.906312,-0.093688,-0.046844,False
2016-03-17,-2.000000,-7.541505,5.467711,0.021208,0.041163,0.060476,-1.950948,-0.049052,-0.024526,False
2016-04-21,-1.000000,-7.563927,5.493534,-0.038756,-0.044302,0.104809,-2.048642,1.048642,0.524321,False
2016-05-31,-1.000000,-7.589413,5.523046,-0.044600,-0.121400,0.153303,-2.079065,1.079065,0.539532,False
2016-06-17,-1.000000,-7.600201,5.535589,-0.020351,-0.138768,0.172965,-2.050766,1.050766,0.525383,False
2016-07-15,-2.000000,-7.617911,5.556247,0.029444,-0.141526,0.203837,-1.969909,-0.030091,-0.015046,False
2016-08-18,-2.000000,-7.639320,5.581332,0.053290,-0.102266,0.238381,-1.868584,-0.131416,-0.065708,False
2016-09-23,-1.000000,-7.661876,5.607893,0.008755,-0.024272,0.270876,-1.798624,0.798624,0.399312,False
2016-10-13,-2.000000,-7.674356,5.622649,-0.027069,0.025067,0.286906,-1.766802,-0.233198,-0.116599,False
2016-11-17,-2.000000,-7.696110,5.648472,-0.053441,0.101079,0.311165,-1.688834,-0.311166,-0.155583,False
2016-12-21,0.000000,-7.717138,5.673557,-0.013298,0.141184,0.329787,-1.585908,1.585908,0.792954,False
2017-01-17,-1.000000,-7.733764,5.693510,0.034017,0.139833,0.340922,-1.525482,0.525482,0.262741,False
2017-02-16,-3.000000,-7.752161,5.715705,0.053544,0.103785,0.349331,-1.529796,-1.470204,-0.735102,False
2017-03-10,-1.000000,-7.765602,5.731981,0.033639,0.059305,0.352778,-1.587899,0.587899,0.293949,False
2017-04-07,-2.000000,-7.782647,5.752696,-0.015612,-0.008488,0.353795,-1.700256,-0.299744,-0.149872,False
2017-05-03,-2.000000,-7.798414,5.771932,-0.050174,-0.070042,0.351354,-1.795344,-0.204656,-0.102328,False
2017-06-16,-2.000000,-7.824962,5.804484,-0.022980,-0.137659,0.339870,-1.841247,-0.158753,-0.079377,False
2017-07-17,1.000000,-7.843565,5.827418,0.031800,-0.140717,0.326372,-1.798692,2.798692,1.399346,False
2017-08-04,-1.000000,-7.854329,5.840735,0.051299,-0.124121,0.316559,-1.769856,0.769856,0.384928,False
2017-09-08,-2.000000,-7.875179,5.866629,0.034363,-0.060436,0.293518,-1.741105,-0.258895,-0.129447,False
2017-10-11,-1.000000,-7.894742,5.891043,-0.023417,0.019619,0.267297,-1.740200,0.740200,0.370100,False
2017-11-03,-2.000000,-7.908322,5.908059,-0.051150,0.073279,0.246651,-1.731484,-0.268516,-0.134258,False
2017-12-04,-2.000000,-7.926555,5.930994,-0.040086,0.126388,0.216037,-1.693223,-0.306777,-0.153388,False
2018-01-18,-2.000000,-7.952877,5.964286,0.035444,0.139191,0.166678,-1.647279,-0.352721,-0.176360,False
2018-02-09,-2.000000,-7.965684,5.980562,0.053826,0.115103,0.140784,-1.675410,-0.324590,-0.162295,False
2018-03-16,-2.000000,-7.985975,6.006456,0.024237,0.045413,0.097747,-1.812124,-0.187876,-0.093938,False
2018-04-12,-2.000000,-8.001559,6.026431,-0.024253,-0.020850,0.063393,-1.956838,-0.043162,-0.021581,False
2018-05-11,-1.000000,-8.018230,6.047886,-0.053778,-0.086715,0.025802,-2.085035,1.085035,0.542517,False
2018-06-21,-2.000000,-8.041680,6.078218,-0.014253,-0.140901,-0.027746,-2.146362,0.146362,0.073181,False
2018-07-19,-1.000000,-8.057616,6.098933,0.034735,-0.139517,-0.064025,-2.127488,1.127488,0.563744,False
2018-08-16,-2.000000,-8.073487,6.119648,0.053868,-0.106343,-0.099619,-2.105932,0.105932,0.052966,False
2018-09-20,-2.000000,-8.093237,6.145542,0.014702,-0.032250,-0.142571,-2.107814,0.107814,0.053907,False
2018-10-22,-2.000000,-8.111207,6.169217,-0.039785,0.046198,-0.179776,-2.115352,0.115352,0.057676,False
2018-11-19,-2.000000,-8.126863,6.189932,-0.052790,0.104359,-0.210288,-2.095652,0.095652,0.047826,False
2018-12-10,-4.000000,-8.138564,6.205468,-0.031786,0.132917,-0.231715,-2.063680,-1.936320,-0.968160,False
2019-01-07,-1.000000,-8.154110,6.226183,0.017826,0.143945,-0.258095,-2.024251,1.024251,0.512125,False
2019-02-15,-2.000000,-8.175660,6.255036,0.053776,0.105498,-0.290184,-2.051534,0.051534,0.025767,False
2019-03-04,-2.000000,-8.185015,6.267613,0.041612,0.072564,-0.302325,-2.105552,0.105552,0.052776,False
2019-04-15,-1.000000,-8.208032,6.298686,-0.029108,-0.028198,-0.327121,-2.293773,1.293773,0.646887,False
2019-05-14,-2.000000,-8.223843,6.320140,-0.054089,-0.092560,-0.339684,-2.390036,0.390036,0.195018,False
2019-06-14,-2.000000,-8.240671,6.343075,-0.026295,-0.136076,-0.348804,-2.408771,0.408771,0.204385,False
2019-07-05,-2.000000,-8.252029,6.358611,0.011558,-0.144382,-0.352391,-2.378632,0.378632,0.189316,False
2019-08-12,-3.000000,-8.272494,6.386725,0.054030,-0.112813,-0.353487,-2.298040,-0.701960,-0.350980,False
2019-09-06,-2.000000,-8.285896,6.405220,0.037156,-0.064915,-0.350412,-2.258847,0.258847,0.129423,False
2019-10-09,-2.000000,-8.303514,6.429634,-0.020007,0.014683,-0.341787,-2.220991,0.220991,0.110496,False
2019-11-12,-2.000000,-8.321579,6.454788,-0.054077,0.091603,-0.327597,-2.156862,0.156862,0.078431,False
2019-12-09,-2.000000,-8.335862,6.474763,-0.033274,0.131926,-0.312639,-2.075085,0.075085,0.037542,False
2020-01-15,-2.000000,-8.355344,6.502109,0.030984,0.141012,-0.287157,-1.968397,-0.031603,-0.015802,False
2020-02-07,-2.000000,-8.367403,6.519078,0.053299,0.118181,-0.268622,-1.945466,-0.054534,-0.027267,False
2020-03-06,-3.000000,-8.382029,6.539736,0.038063,0.066415,-0.243470,-1.981286,-1.018714,-0.509357,False
2020-04-10,-3.000000,-8.400230,6.565560,-0.022111,-0.017713,-0.208425,-2.082919,-0.917081,-0.458541,False
2020-05-08,-3.000000,-8.414724,6.586218,-0.053133,-0.081975,-0.177867,-2.141481,-0.858519,-0.429259,False
2020-06-03,-1.000000,-8.428131,6.605401,-0.041217,-0.125265,-0.147792,-2.137004,1.137004,0.568502,False
2020-07-08,-1.000000,-8.446100,6.631224,0.017797,-0.143948,-0.105219,-2.046246,1.046246,0.523123,False
2020-08-06,-2.000000,-8.460920,6.652620,0.052542,-0.120960,-0.068589,-1.945308,-0.054692,-0.027346,False
2020-09-11,-3.000000,-8.479231,6.679181,0.029397,-0.052878,-0.022077,-1.845608,-1.154392,-0.577196,False
2020-10-12,-1.000000,-8.494924,6.702053,-0.025446,0.022622,0.018316,-1.777378,0.777378,0.388689,False
2020-11-12,-1.000000,-8.510546,6.724925,-0.054082,0.091865,0.058471,-1.689368,0.689368,0.344684,False
2020-12-08,-2.000000,-8.523596,6.744107,-0.034628,0.130964,0.091583,-1.591569,-0.408431,-0.204215,False
2021-01-15,-1.000000,-8.542580,6.772172,0.031042,0.140992,0.138431,-1.459943,0.459943,0.229971,False
2021-02-17,0.000000,-8.558983,6.796586,0.053248,0.102041,0.177009,-1.430098,1.430098,0.715049,False
2021-03-11,-2.000000,-8.569874,6.812863,0.032161,0.057029,0.201302,-1.466519,-0.533481,-0.266741,False
2021-04-11,-4.000000,-8.585163,6.835797,-0.022574,-0.018387,0.233243,-1.557085,-2.442915,-1.221458,False
2021-05-06,-2.000000,-8.597444,6.854293,-0.051990,-0.076467,0.256794,-1.614814,-0.385186,-0.192593,False
2021-06-25,-3.000000,-8.621873,6.891284,-0.006955,-0.142744,0.297148,-1.583140,-1.416860,-0.708430,False
2021-07-08,-2.000000,-8.628195,6.900901,0.016944,-0.144040,0.306033,-1.548356,-0.451644,-0.225822,False
2021-08-11,-2.000000,-8.644676,6.926055,0.053910,-0.114348,0.325886,-1.453173,-0.546827,-0.273413,False
2021-09-08,-2.000000,-8.658188,6.946770,0.034363,-0.060436,0.338391,-1.399098,-0.600902,-0.300451,False
2021-10-05,-2.000000,-8.671166,6.966746,-0.012918,0.004763,0.347026,-1.365549,-0.634451,-0.317225,False
2021-11-02,-2.000000,-8.684571,6.987461,-0.050514,0.071126,0.352336,-1.324162,-0.675838,-0.337919,False
