date,228.408,228.408_trend,228.408_0.5yr,228.408_1yr,228.408_5.82yr,228.408_16.16yr,228.408_jump,228.408_exp,228.408_model,228.408_noise,228.408_wtest,flagged
2003-12-03,0.000000,-8.533070,0.054481,-0.286854,1.390074,2.207283,0.000000,0.000000,-5.168087,5.168087,2.584044,False
2004-01-09,1.000000,-8.637922,-0.025550,-0.280316,1.444320,2.262283,0.000000,0.000000,-5.237185,6.237185,3.118593,False
2004-02-12,-1.000000,-8.734067,-0.069652,-0.176946,1.478903,2.309633,0.000000,0.000000,-5.192128,4.192128,2.096064,False
2004-03-17,-2.000000,-8.830211,-0.029137,-0.014985,1.498625,2.353971,0.000000,0.000000,-5.021738,3.021738,1.510869,False
2004-04-27,-2.000000,-8.946150,0.057724,0.181680,1.502368,2.403347,0.000000,0.000000,-4.801030,2.801030,1.400515,False
2004-05-26,-2.000000,-9.028155,0.064147,0.272886,1.491755,2.435525,0.000000,0.000000,-4.763842,2.763842,1.381921,False
2004-06-25,1.000000,-9.112989,0.009694,0.297395,1.469298,2.466379,0.000000,0.000000,-4.870222,5.870222,2.935111,False
2004-07-26,-4.000000,-9.200650,-0.055639,0.241774,1.434017,2.495630,0.000000,0.000000,-5.084868,1.084868,0.542434,False
2004-08-27,-6.000000,-9.291139,-0.062661,0.114559,1.385033,2.522986,0.000000,0.000000,-5.331222,-0.668778,-0.334389,False
2004-09-30,-3.000000,-9.387283,0.003431,-0.056472,1.319489,2.548856,0.000000,0.000000,-5.571978,2.571978,1.285989,False
2004-10-28,-8.000000,-9.466461,0.059030,-0.185725,1.255521,2.567666,0.000000,0.000000,-5.769968,-2.230032,-1.115016,False
2004-11-26,-7.000000,-9.548466,0.063175,-0.274934,1.180252,2.584753,0.000000,0.000000,-5.995220,-1.004780,-0.502390,False
2004-12-24,-6.000000,-9.627644,0.012057,-0.297841,1.099382,2.598923,0.000000,0.000000,-6.215123,0.215123,0.107562,False
2005-01-25,-6.000000,-9.718319,-0.055733,-0.241575,0.997598,2.612326,0.000000,0.000000,-6.405704,0.405704,0.202852,False
2005-02-24,-7.000000,-9.803384,-0.064471,-0.123272,0.893984,2.622144,0.000000,0.000000,-6.475000,-0.525000,-0.262500,False
2005-03-24,-7.000000,-9.882779,-0.015050,0.016925,0.790914,2.628892,0.000000,0.000000,-6.461097,-0.538903,-0.269452,False
2005-04-22,-7.000000,-9.965009,0.049040,0.157658,0.678458,2.633416,0.000000,0.000000,-6.446437,-0.553563,-0.276781,False
2005-05-30,-5.000000,-10.072759,0.060531,0.279531,0.523683,2.635540,0.000000,0.000000,-6.573473,1.573473,0.786737,False
2005-06-13,-9.000000,-10.112457,0.037636,0.296623,0.464889,2.635234,0.000000,0.000000,-6.678075,-2.321925,-1.160963,False
2005-07-27,-11.000000,-10.237220,-0.056445,0.240053,0.275394,2.630457,0.000000,0.000000,-7.147759,-3.852241,-1.926120,False
2005-08-17,-11.000000,-10.296766,-0.069356,0.161634,0.183111,2.626140,0.000000,0.000000,-7.395237,-3.604763,-1.802382,False
2005-09-30,-11.000000,-10.421529,0.002822,-0.055188,-0.012109,2.612836,0.000000,0.000000,-7.873168,-3.126832,-1.563416,False
2005-10-28,-8.000000,-10.500923,0.058803,-0.185009,-0.136443,2.601379,0.000000,0.000000,-8.162193,0.162193,0.081097,False
2005-11-28,-9.000000,-10.588825,0.061117,-0.278613,-0.272971,2.585996,0.000000,0.000000,-8.493296,-0.506704,-0.253352,False
2005-12-28,-11.000000,-10.673890,0.002574,-0.295539,-0.402924,2.568424,0.000000,0.000000,-8.801354,-2.198646,-1.099323,False
2006-01-11,-11.000000,-10.713588,-0.029997,-0.276549,-0.462545,2.559326,0.000000,0.000000,-8.923353,-2.076647,-1.038323,False
2006-02-23,-22.000000,-10.835515,-0.065343,-0.127939,-0.640274,2.527830,0.000000,0.000000,-9.141241,-12.858759,-6.429379,True
2006-03-24,-14.000000,-10.917745,-0.015050,0.016925,-0.754468,2.503589,-0.985289,-0.705114,-10.857151,-3.142849,-1.571424,False
2006-04-28,-12.000000,-11.016989,0.058150,0.182983,-0.884826,2.471155,-0.985289,-1.417776,-11.592591,-0.407409,-0.203705,False
2006-05-24,-14.000000,-11.090712,0.066323,0.267168,-0.975604,2.444835,-0.985289,-1.864298,-12.137576,-1.862424,-0.931212,False
2006-06-22,-12.000000,-11.172942,0.017963,0.298579,-1.070030,2.413266,-0.985289,-2.291825,-12.790278,0.790278,0.395139,False
2006-07-21,-14.000000,-11.255173,-0.046865,0.257112,-1.156588,2.379395,-0.985289,-2.655694,-13.463102,-0.536898,-0.268449,False
2006-08-31,-12.000000,-11.371429,-0.058343,0.096993,-1.264315,2.327641,-0.985289,-3.079627,-14.334370,2.334370,1.167185,False
2006-09-20,-9.000000,-11.428140,-0.020843,-0.004077,-1.310214,2.300778,-0.985289,-3.253884,-14.701667,5.701667,2.850833,False
2006-10-26,-12.000000,-11.530218,0.056091,-0.176824,-1.381183,2.249802,-0.985289,-3.522640,-15.290261,3.290261,1.645131,False
2006-11-22,-16.000000,-11.606778,0.066681,-0.266008,-1.424181,2.209395,-0.985289,-3.691703,-15.697882,-0.302118,-0.151059,False
2006-12-21,-17.000000,-11.689008,0.019119,-0.298658,-1.460246,2.163960,-0.985289,-3.847136,-16.097257,-0.902743,-0.451371,False
2007-01-25,-15.000000,-11.788251,-0.055733,-0.241575,-1.489455,2.106378,-0.985289,-4.004232,-16.458157,1.458157,0.729079,False
2007-02-15,-16.000000,-11.847797,-0.069461,-0.163791,-1.499338,2.070419,-0.985289,-4.084821,-16.580078,0.580078,0.290039,False
2007-03-29,-15.000000,-11.966889,-0.003173,0.042504,-1.501741,1.995411,-0.985289,-4.220338,-16.639515,1.639515,0.819757,False
2007-04-26,-15.000000,-12.046284,0.055371,0.174745,-1.490471,1.943177,-0.985289,-4.294614,-16.643365,1.643365,0.821682,False
2007-05-24,-17.000000,-12.125678,0.066323,0.267168,-1.468985,1.889215,-0.985289,-4.358183,-16.715429,-0.284571,-0.142285,False
2007-06-22,-19.000000,-12.207909,0.017963,0.298579,-1.436119,1.831554,-0.985289,-4.414380,-16.895600,-2.104400,-1.052200,False
2007-07-18,-18.000000,-12.281632,-0.041299,0.264623,-1.397666,1.778371,-0.985289,-4.457611,-17.120502,-0.879498,-0.439749,False
2007-08-23,-16.000000,-12.383711,-0.066505,0.134867,-1.330842,1.702490,-0.985289,-4.508033,-17.437023,1.437023,0.718512,False
2007-09-13,-15.000000,-12.443257,-0.036110,0.031863,-1.284844,1.657062,-0.985289,-4.533109,-17.593682,2.593682,1.296841,False
2007-10-18,-17.000000,-12.542500,0.042734,-0.142091,-1.197265,1.579519,-0.985289,-4.568913,-17.813805,0.813805,0.406903,False
2007-11-13,-17.000000,-12.616224,0.069671,-0.241834,-1.123850,1.520487,-0.985289,-4.591346,-17.968384,0.968384,0.484192,False
2007-12-10,-17.000000,-12.692783,0.042538,-0.294813,-1.040586,1.457952,-0.985289,-4.611453,-18.124434,1.124434,0.562217,False
2008-01-16,-19.000000,-12.797581,-0.040247,-0.265904,-0.915970,1.370406,-0.985289,-4.634512,-18.269096,-0.730904,-0.365452,False
2008-02-19,-18.000000,-12.893726,-0.068115,-0.146811,-0.791988,1.288217,-0.985289,-4.651879,-18.249590,0.249590,0.124795,False
2008-03-13,-17.000000,-12.958765,-0.037528,-0.035424,-0.703525,1.231659,-0.985289,-4.661902,-18.150773,1.150773,0.575387,False
2008-04-16,-16.000000,-13.054909,0.039264,0.133929,-0.566947,1.146715,-0.985289,-4.674564,-17.961800,1.961800,0.980900,False
2008-05-20,-18.000000,-13.151053,0.068357,0.258934,-0.424671,1.060276,-0.985289,-4.685050,-17.858498,-0.141502,-0.070751,False
2008-06-24,-16.000000,-13.250026,0.012057,0.297841,-0.273768,0.969850,-0.985289,-4.693967,-17.923301,1.923301,0.961650,False
2008-07-16,-19.000000,-13.312237,-0.038270,0.268203,-0.177320,0.912317,-0.985289,-4.698747,-18.031343,-0.968657,-0.484328,False
2008-08-21,-19.000000,-13.414037,-0.067570,0.142323,-0.018072,0.817112,-0.985289,-4.705416,-18.230948,-0.769052,-0.384526,False
2008-09-19,-17.000000,-13.496042,-0.022475,-0.000395,0.110445,0.739543,-0.985289,-4.709899,-18.364112,1.364112,0.682056,False
2008-10-08,-18.000000,-13.549770,0.022179,-0.096105,0.194265,0.688337,-0.985289,-4.712469,-18.438851,0.438851,0.219426,False
2008-11-05,-18.000000,-13.628948,0.066859,-0.216015,0.316603,0.612370,-0.985289,-4.715795,-18.550214,0.550214,0.275107,False
2008-12-04,-19.000000,-13.710953,0.052833,-0.288352,0.441025,0.533120,-0.985289,-4.718737,-18.676353,-0.323647,-0.161824,False
2009-01-14,-21.000000,-13.826993,-0.036322,-0.270345,0.611363,0.420132,-0.985289,-4.722169,-18.809621,-2.190379,-1.095189,False
2009-02-05,-20.000000,-13.889374,-0.067247,-0.204170,0.699391,0.359048,-0.985289,-4.723715,-18.811355,-1.188645,-0.594322,False
2009-03-04,-20.000000,-13.965933,-0.054852,-0.084746,0.803342,0.283815,-0.985289,-4.725372,-18.729035,-1.270965,-0.635483,False
2009-04-17,-22.000000,-14.090696,0.039836,0.135258,0.961487,0.160738,-0.985289,-4.727592,-18.506257,-3.493743,-1.746872,False
2009-05-06,-22.000000,-14.144571,0.066399,0.213672,1.024898,0.107466,-0.985289,-4.728395,-18.445820,-3.554180,-1.777090,False
2009-06-10,-16.000000,-14.243815,0.043482,0.294385,1.133095,0.009234,-0.985289,-4.729669,-18.478577,2.478577,1.239288,False
2009-07-15,-20.000000,-14.343058,-0.035293,0.271430,1.229160,-0.089010,-0.985289,-4.730718,-18.682778,-1.317222,-0.658611,False
2009-08-12,-19.000000,-14.422453,-0.069480,0.182635,1.296581,-0.167523,-0.985289,-4.731422,-18.896951,-0.103049,-0.051525,False
2009-09-15,-21.000000,-14.518860,-0.031924,0.021619,1.366461,-0.262654,-0.985289,-4.732142,-19.142789,-1.857211,-0.928606,False
2009-10-14,-19.000000,-14.601091,0.034774,-0.123672,1.415177,-0.343527,-0.985289,-4.732657,-19.336285,0.336285,0.168142,False
2009-11-11,-21.000000,-14.680485,0.069432,-0.235652,1.452342,-0.421301,-0.985289,-4.733082,-19.534034,-1.465966,-0.732983,False
2009-12-09,-18.000000,-14.759880,0.044412,-0.293936,1.479553,-0.498700,-0.985289,-4.733445,-19.747285,1.747285,0.873642,False
2010-01-19,-18.000000,-14.876136,-0.045971,-0.258412,1.501062,-0.611216,-0.985289,-4.733885,-20.009846,2.009846,1.004923,False
2010-02-10,-17.000000,-14.938518,-0.069379,-0.184664,1.503522,-0.671123,-0.985289,-4.734082,-20.079533,3.079533,1.539766,False
2010-03-16,-20.000000,-15.034926,-0.032985,-0.024183,1.494810,-0.762970,-0.985289,-4.734344,-20.079886,0.079886,0.039943,False
2010-04-14,-22.000000,-15.117156,0.033730,0.121327,1.475436,-0.840524,-0.985289,-4.734531,-20.047007,-1.952993,-0.976497,False
2010-05-12,-22.000000,-15.196551,0.069321,0.234062,1.446434,-0.914643,-0.985289,-4.734686,-20.081351,-1.918649,-0.959325,False
2010-06-09,-22.000000,-15.275945,0.045330,0.293464,1.407517,-0.987949,-0.985289,-4.734818,-20.237690,-1.762310,-0.881155,False
2010-07-14,-22.000000,-15.375189,-0.033204,0.273538,1.345340,-1.078338,-0.985289,-4.734956,-20.588097,-1.411903,-0.705952,False
2010-08-17,-22.000000,-15.471596,-0.069356,0.161634,1.271140,-1.164710,-0.985289,-4.735068,-20.993246,-1.006754,-0.503377,False
2010-09-14,-22.000000,-15.550991,-0.034037,0.026745,1.200351,-1.234698,-0.985289,-4.735145,-21.313063,-0.686937,-0.343468,False
2010-10-12,-22.000000,-15.630386,0.030537,-0.114238,1.121335,-1.303588,-0.985289,-4.735210,-21.616838,-0.383162,-0.191581,False
2010-11-16,-22.000000,-15.729629,0.069411,-0.250567,1.011824,-1.388063,-0.985289,-4.735280,-22.007592,0.007592,0.003796,False
2010-12-08,-21.000000,-15.792011,0.046234,-0.292971,0.937364,-1.440181,-0.985289,-4.735317,-22.262170,1.262170,0.631085,False
2011-01-13,-20.000000,-15.894089,-0.034253,-0.272494,0.807113,-1.523746,-0.985289,-4.735368,-22.638126,2.638126,1.319063,False
2011-02-15,-21.000000,-15.987662,-0.069461,-0.163791,0.679648,-1.598382,-0.985289,-4.735408,-22.860343,1.860343,0.930172,False
2011-03-21,-20.000000,-16.084069,-0.021984,0.001505,0.541566,-1.673213,-0.985289,-4.735441,-22.956925,2.956925,1.478462,False
2011-04-26,-21.000000,-16.186148,0.055371,0.174745,0.389428,-1.750052,-0.985289,-4.735470,-23.037415,2.037415,1.018707,False
2011-05-19,-23.000000,-16.251365,0.069003,0.254684,0.289809,-1.797803,-0.985289,-4.735486,-23.156447,0.156447,0.078224,False
2011-06-28,-23.000000,-16.364786,0.003772,0.295904,0.113638,-1.878262,-0.985289,-4.735509,-23.550532,0.550532,0.275266,False
2011-07-26,-22.000000,-16.444181,-0.055005,0.243079,-0.010775,-1.932563,-0.985289,-4.735523,-23.920256,1.920256,0.960128,False
2011-08-24,-24.000000,-16.526411,-0.065750,0.130258,-0.139543,-1.986990,-0.985289,-4.735534,-24.309259,0.309259,0.154630,False
2011-09-20,-26.000000,-16.602970,-0.020843,-0.004077,-0.258527,-2.035960,-0.985289,-4.735544,-24.643209,-1.356791,-0.678395,False
2011-10-18,-27.000000,-16.682365,0.042734,-0.142091,-0.380167,-2.084965,-0.985289,-4.735552,-24.967695,-2.032305,-1.016152,False
2011-11-18,-26.000000,-16.770266,0.068826,-0.256019,-0.511767,-2.137055,-0.985289,-4.735560,-25.327131,-0.672869,-0.336435,False
2011-12-20,-25.000000,-16.861003,0.021414,-0.298750,-0.643090,-2.188381,-0.985289,-4.735567,-25.690665,0.690665,0.345333,False
2012-01-12,-25.000000,-16.926135,-0.032080,-0.274623,-0.733871,-2.223659,-0.985289,-4.735571,-25.911229,0.911229,0.455614,False
2012-02-21,-25.000000,-17.039246,-0.066946,-0.137792,-0.883245,-2.281749,-0.985289,-4.735577,-26.129845,1.129845,0.564923,False
2012-03-01,-25.519089,-17.064696,-0.057899,-0.095356,-0.915233,-2.294255,-0.985289,-4.735578,-26.148306,0.629217,0.314609,False
2012-04-01,-25.731924,-17.152357,0.005818,0.061499,-1.020338,-2.335720,-0.985289,-4.735582,-26.161968,0.430044,0.215022,False
2012-05-01,-26.038969,-17.237190,0.062524,0.197526,-1.113943,-2.373435,-0.985289,-4.735585,-26.185393,0.146424,0.073212,False
2012-06-01,-26.457963,-17.324851,0.057225,0.283945,-1.201504,-2.409875,-0.985289,-4.735588,-26.315937,-0.142026,-0.071013,False
2012-07-01,-26.983678,-17.409685,-0.004625,0.292882,-1.276687,-2.442652,-0.985289,-4.735590,-26.561646,-0.422032,-0.211016,False
2012-08-01,-27.587062,-17.497346,-0.063043,0.222446,-1.343875,-2.473915,-0.985289,-4.735592,-26.876614,-0.710449,-0.355224,False
2012-09-01,-28.220383,-17.585007,-0.056534,0.090482,-1.399835,-2.502495,-0.985289,-4.735593,-27.174271,-1.046113,-0.523056,False
2012-10-01,-28.819561,-17.669840,0.005818,-0.061499,-1.442856,-2.527570,-0.985289,-4.735595,-27.416831,-1.402730,-0.701365,False
2012-11-01,-29.326537,-17.757501,0.063543,-0.201345,-1.475447,-2.550783,-0.985289,-4.735596,-27.642417,-1.684120,-0.842060,False
2012-12-01,-29.691149,-17.842334,0.057225,-0.283945,-1.495251,-2.570614,-0.985289,-4.735597,-27.855805,-1.835344,-0.917672,False
2013-01-01,-29.885661,-17.929995,-0.007009,-0.291826,-1.503421,-2.588363,-0.985289,-4.735598,-28.041501,-1.844159,-0.922080,False
2013-02-01,-29.915993,-18.017897,-0.064104,-0.218693,-1.499000,-2.603342,-0.985289,-4.735598,-28.123923,-1.792070,-0.896035,False
2013-03-01,-29.821211,-18.097291,-0.058990,-0.099421,-1.484179,-2.614433,-0.985289,-4.735599,-28.075202,-1.746009,-0.873005,False
2013-04-01,-29.659558,-18.185193,0.004020,0.057713,-1.455909,-2.623998,-0.985289,-4.735599,-27.924255,-1.735304,-0.867652,False
2013-05-01,-29.510395,-18.270258,0.061799,0.194930,-1.416902,-2.630531,-0.985289,-4.735600,-27.781851,-1.728544,-0.864272,False
2013-06-01,-29.445883,-18.358159,0.058013,0.282996,-1.364887,-2.634459,-0.985289,-4.735600,-27.737385,-1.708498,-0.854249,False
2013-07-01,-29.517609,-18.443225,-0.003421,0.293382,-1.303627,-2.635526,-0.985289,-4.735600,-27.813306,-1.704303,-0.852151,False
2013-08-01,-29.735922,-18.531126,-0.062609,0.223875,-1.229555,-2.633800,-0.985289,-4.735601,-27.954105,-1.781817,-0.890909,False
2013-09-01,-30.075920,-18.619028,-0.056997,0.092114,-1.145153,-2.629203,-0.985289,-4.735601,-28.079157,-1.996764,-0.998382,False
2013-10-01,-30.471047,-18.704093,0.005217,-0.060234,-1.054305,-2.622025,-0.985289,-4.735601,-28.156330,-2.314717,-1.157359,False
2013-11-01,-30.817953,-18.791995,0.063378,-0.200711,-0.951723,-2.611794,-0.985289,-4.735601,-28.213735,-2.604218,-1.302109,False
2013-12-01,-31.003279,-18.877060,0.057340,-0.283809,-0.844828,-2.599182,-0.985289,-4.735601,-28.268430,-2.734848,-1.367424,False
2014-01-01,-30.945739,-18.964962,-0.007009,-0.291826,-0.727397,-2.583362,-0.985289,-4.735601,-28.295446,-2.650293,-1.325146,False
2014-02-01,-30.607661,-19.052863,-0.064104,-0.218693,-0.603854,-2.564724,-0.985289,-4.735601,-28.225128,-2.382533,-1.191266,False
2014-03-01,-30.010382,-19.132257,-0.058990,-0.099421,-0.487877,-2.545486,-0.985289,-4.735601,-28.044923,-1.965459,-0.982729,False
2014-04-23,,-19.282540,0.050715,0.162003,-0.259859,-2.502887,-0.985289,-4.735602,-27.553458,,,False
2014-05-07,-24.000000,-19.322238,0.067087,0.217234,-0.198330,-2.490296,-0.985289,-4.735602,-27.447433,3.447433,1.723716,False
2014-06-17,-24.000000,-19.438494,0.029230,0.298376,-0.016575,-2.450249,-0.985289,-4.735602,-27.298603,3.298603,1.649301,False
2014-07-15,-28.000000,-19.517889,-0.035293,0.271430,0.107854,-2.420210,-0.985289,-4.735602,-27.314998,-0.685002,-0.342501,False
2014-08-13,-26.000000,-19.600119,-0.069620,0.178538,0.235936,-2.386828,-0.985289,-4.735602,-27.362984,1.362984,0.681492,False
2014-09-01,-25.000000,-19.653994,-0.056997,0.092114,0.318969,-2.363720,-0.985289,-4.735602,-27.384519,2.384519,1.192259,False
2014-10-15,-26.000000,-19.778757,0.036832,-0.128335,0.506955,-2.306507,-0.985289,-4.735602,-27.390703,1.390703,0.695351,False
2014-11-21,-29.000000,-19.883671,0.067338,-0.263627,0.658524,-2.254469,-0.985289,-4.735602,-27.396796,-1.603204,-0.801602,False
2014-12-04,-27.000000,-19.920533,0.052953,-0.288249,0.709998,-2.235349,-0.985289,-4.735602,-27.402071,0.402071,0.201036,False
2015-01-12,-27.000000,-20.031118,-0.032144,-0.274562,0.857826,-2.175435,-0.985289,-4.735602,-27.376324,0.376324,0.188162,False
2015-02-09,-26.000000,-20.110513,-0.069116,-0.188679,0.957036,-2.130098,-0.985289,-4.735602,-27.262261,1.262261,0.631130,False
2015-03-19,-28.000000,-20.218263,-0.026481,-0.008779,1.081062,-2.065546,-0.985289,-4.735602,-26.958899,-1.041101,-0.520551,False
2015-04-24,-28.000000,-20.320342,0.052330,0.166300,1.185999,-2.001268,-0.985289,-4.735602,-26.637872,-1.362128,-0.681064,False
2015-05-15,-26.000000,-20.379888,0.069680,0.243335,1.241079,-1.962408,-0.985289,-4.735602,-26.509093,0.509093,0.254547,False
2015-06-12,-26.000000,-20.459283,0.039632,0.295965,1.307038,-1.909070,-0.985289,-4.735602,-26.446607,0.446607,0.223304,False
2015-07-10,-22.000000,-20.538677,-0.024480,0.281157,1.364039,-1.854033,-0.985289,-4.735602,-26.492885,4.492885,2.246443,False
2015-08-19,-27.000000,-20.652098,-0.068730,0.152889,1.429164,-1.772562,-0.985289,-4.735602,-26.632227,-0.367773,-0.183887,False
2015-09-22,-28.000000,-20.748506,-0.016219,-0.014357,1.468839,-1.700775,-0.985289,-4.735602,-26.731908,-1.268092,-0.634046,False
2015-10-13,-26.000000,-20.808052,0.032675,-0.118973,1.485949,-1.655315,-0.985289,-4.735602,-26.784607,0.784607,0.392303,False
2015-11-10,-27.000000,-20.887447,0.069189,-0.232455,1.499838,-1.593418,-0.985289,-4.735602,-26.865183,-0.134817,-0.067408,False
2015-12-16,-29.000000,-20.989525,0.030314,-0.298234,1.502585,-1.511761,-0.985289,-4.735602,-26.987513,-2.012487,-1.006244,False
2016-01-11,-28.000000,-21.063172,-0.029938,-0.276602,1.493991,-1.451461,-0.985289,-4.735602,-27.048073,-0.951927,-0.475963,False
2016-02-23,-26.000000,-21.184766,-0.065463,-0.128611,1.460562,-1.349493,-0.985289,-4.735602,-26.988662,0.988662,0.494331,False
2016-03-14,-25.000000,-21.241322,-0.035491,-0.030326,1.436972,-1.301093,-0.985289,-4.735602,-26.892151,1.892151,0.946075,False
2016-04-19,-25.000000,-21.343121,0.044975,0.147499,1.381977,-1.212509,-0.985289,-4.735602,-26.702071,1.702071,0.851035,False
2016-05-01,-26.331360,-21.377055,0.062524,0.197526,1.360149,-1.182580,-0.985289,-4.735602,-26.660327,0.328966,0.164483,False
2016-06-15,-26.000000,-21.504305,0.032357,0.297902,1.263370,-1.068677,-0.985289,-4.735602,-26.700243,0.700243,0.350121,False
2016-07-06,-26.000000,-21.563688,-0.016434,0.286747,1.210481,-1.014670,-0.985289,-4.735602,-26.818455,0.818455,0.409228,False
2016-08-15,-26.000000,-21.676799,-0.069622,0.168578,1.097080,-0.910426,-0.985289,-4.735602,-27.112080,1.112080,0.556040,False
2016-08-16,-26.560195,-21.679627,-0.069484,0.164319,1.094042,-0.907798,-0.985289,-4.735602,-27.119438,0.559243,0.279622,False
2016-09-23,-27.000000,-21.787082,-0.013233,-0.020894,0.971812,-0.807203,-0.985289,-4.735602,-27.377492,0.377492,0.188746,False
2016-10-12,-27.000000,-21.840810,0.031014,-0.115289,0.906020,-0.756403,-0.985289,-4.735602,-27.496358,0.496358,0.248179,False
2016-11-12,-26.000000,-21.928471,0.069609,-0.239200,0.792666,-0.672865,-0.985289,-4.735602,-27.699152,1.699152,0.849576,False
2016-12-06,-28.000000,-21.996338,0.049592,-0.290866,0.700309,-0.607685,-0.985289,-4.735602,-27.865879,-0.134121,-0.067060,False
2017-01-17,-30.000000,-22.115228,-0.042259,-0.263420,0.530348,-0.492575,-0.985289,-4.735602,-28.104025,-1.895975,-0.947987,False
2017-02-08,-29.000000,-22.177610,-0.068770,-0.192639,0.437740,-0.431769,-0.985289,-4.735602,-28.153938,-0.846062,-0.423031,False
2017-03-08,-28.000000,-22.257005,-0.048434,-0.064833,0.317249,-0.354041,-0.985289,-4.735602,-28.127955,0.127955,0.063978,False
2017-04-17,-26.000000,-22.370426,0.039836,0.135258,0.141553,-0.242473,-0.985289,-4.735602,-28.017141,2.017141,1.008570,False
2017-05-18,-29.000000,-22.458327,0.069296,0.251958,0.003900,-0.155694,-0.985289,-4.735602,-28.009757,-0.990243,-0.495121,False
2017-06-14,-30.000000,-22.534886,0.035595,0.297194,-0.116058,-0.079970,-0.985289,-4.735602,-28.119016,-1.880984,-0.940492,False
2017-07-18,-27.000000,-22.631294,-0.041299,0.264623,-0.265971,0.015471,-0.985289,-4.735602,-28.379360,1.379360,0.689680,False
2017-08-02,-28.000000,-22.673827,-0.063625,0.220437,-0.331344,0.057579,-0.985289,-4.735602,-28.511670,0.511670,0.255835,False
2017-09-10,-29.000000,-22.784412,-0.042061,0.047155,-0.497943,0.166963,-0.985289,-4.735602,-28.831189,-0.168811,-0.084405,False
2017-10-06,-27.000000,-22.858136,0.017042,-0.085167,-0.605466,0.239737,-0.985289,-4.735602,-29.012880,2.012880,1.006440,False
2017-11-02,-29.000000,-22.934695,0.064337,-0.204490,-0.713328,0.315115,-0.985289,-4.735602,-29.193951,0.193951,0.096976,False
2017-12-21,-28.000000,-23.073635,0.019119,-0.298658,-0.897006,0.451203,-0.985289,-4.735602,-29.519868,1.519868,0.759934,False
2018-01-11,-28.000000,-23.133181,-0.029997,-0.276549,-0.970179,0.509172,-0.985289,-4.735602,-29.621625,1.621625,0.810813,False
2018-02-06,-29.000000,-23.206905,-0.067835,-0.200385,-1.055560,0.580587,-0.985289,-4.735602,-29.670989,0.670989,0.335494,False
2018-03-13,-28.000000,-23.306148,-0.039138,-0.039522,-1.160556,0.676009,-0.985289,-4.735602,-29.590247,1.590247,0.795123,False
2018-04-10,-30.000000,-23.385543,0.025040,0.102255,-1.235656,0.751676,-0.985289,-4.735602,-29.463119,-0.536881,-0.268441,False
2018-05-08,-30.000000,-23.464938,0.067696,0.220733,-1.302286,0.826675,-0.985289,-4.735602,-29.373011,-0.626989,-0.313494,False
2018-06-20,-29.000000,-23.586865,0.022552,0.298763,-1.387089,0.940396,-0.985289,-4.735602,-29.433133,0.433133,0.216566,False
2018-07-16,-28.000000,-23.660589,-0.037340,0.269240,-1.427567,1.008216,-0.985289,-4.735602,-29.568930,1.568930,0.784465,False
2018-08-06,-30.000000,-23.720135,-0.066923,0.206039,-1.454111,1.062432,-0.985289,-4.735602,-29.693587,-0.306413,-0.153206,False
2018-09-04,-30.000000,-23.802365,-0.052561,0.077321,-1.481529,1.136422,-0.985289,-4.735602,-29.843604,-0.156396,-0.078198,False
2018-10-02,-31.000000,-23.881760,0.007606,-0.065262,-1.497667,1.206832,-0.985289,-4.735602,-29.951142,-1.048858,-0.524429,False
2018-11-16,-30.000000,-24.009358,0.069411,-0.250567,-1.502074,1.317715,-0.985289,-4.735602,-30.095764,0.095764,0.047882,False
2018-12-07,-30.000000,-24.068904,0.048001,-0.291920,-1.495025,1.368440,-0.985289,-4.735602,-30.160298,0.160298,0.080149,False
2019-01-09,-30.000000,-24.162477,-0.025599,-0.280277,-1.472316,1.446758,-0.985289,-4.735602,-30.214801,0.214801,0.107401,False
2019-02-11,-29.000000,-24.256049,-0.069561,-0.180594,-1.435591,1.523287,-0.985289,-4.735602,-30.139398,1.139398,0.569699,False
2019-03-05,-30.000000,-24.318430,-0.053341,-0.079801,-1.403489,1.573267,-0.985289,-4.735602,-30.002685,0.002685,0.001342,False
2019-04-10,-27.000000,-24.420509,0.025040,0.102255,-1.338217,1.653177,-0.985289,-4.735602,-29.699144,2.699144,1.349572,False
2019-05-06,-29.000000,-24.494233,0.066399,0.213672,-1.281599,1.709384,-0.985289,-4.735602,-29.507268,0.507268,0.253634,False
2019-06-11,-32.000000,-24.596312,0.041582,0.295219,-1.190778,1.785036,-0.985289,-4.735602,-29.386144,-2.613856,-1.306928,False
2019-07-03,-29.000000,-24.658693,-0.008202,0.291265,-1.128564,1.829982,-0.985289,-4.735602,-29.395103,0.395103,0.197551,False
2019-08-06,-31.000000,-24.755101,-0.066923,0.206039,-1.023120,1.897460,-0.985289,-4.735602,-29.462535,-1.537465,-0.768732,False
2019-09-03,-29.000000,-24.834496,-0.054105,0.082277,-0.928471,1.951164,-0.985289,-4.735602,-29.504521,0.504521,0.252260,False
2019-10-07,-29.000000,-24.930903,0.019358,-0.090083,-0.805049,2.014039,-0.985289,-4.735602,-29.513529,0.513529,0.256765,False
2019-11-06,-29.000000,-25.015969,0.067401,-0.218992,-0.689349,2.067326,-0.985289,-4.735602,-29.510473,0.510473,0.255237,False
2019-12-11,-31.000000,-25.115212,0.040613,-0.295603,-0.547577,2.126822,-0.985289,-4.735602,-29.511848,-1.488152,-0.744076,False
2020-01-14,-29.000000,-25.211520,-0.036249,-0.270423,-0.404379,2.181732,-0.985289,-4.735602,-29.461728,0.461728,0.230864,False
2020-02-06,-30.000000,-25.276558,-0.067781,-0.200760,-0.305277,2.217204,-0.985289,-4.735602,-29.354063,-0.645937,-0.322969,False
2020-03-04,-29.000000,-25.352908,-0.053606,-0.080654,-0.187181,2.257154,-0.985289,-4.735602,-29.138086,0.138086,0.069043,False
2020-04-21,-27.000000,-25.488642,0.048521,0.156331,0.025213,2.323571,-0.985289,-4.735602,-28.655897,1.655897,0.827949,False
2020-05-05,-30.000000,-25.528231,0.066146,0.212440,0.087256,2.341812,-0.985289,-4.735602,-28.541467,-1.458533,-0.729266,False
2020-06-11,-32.000000,-25.632858,0.040501,0.295645,0.250231,2.387517,-0.985289,-4.735602,-28.379855,-3.620145,-1.810073,False
2020-07-07,-28.000000,-25.706380,-0.018749,0.285265,0.363087,2.417431,-0.985289,-4.735602,-28.380237,0.380237,0.190119,False
2020-08-04,-31.000000,-25.785558,-0.065760,0.211884,0.482218,2.447584,-0.985289,-4.735602,-28.430523,-2.569477,-1.284739,False
2020-09-09,-31.000000,-25.887358,-0.043366,0.050648,0.630445,2.483166,-0.985289,-4.735602,-28.487355,-2.512645,-1.256323,False
2020-10-14,-30.000000,-25.986330,0.035222,-0.124682,0.767760,2.514279,-0.985289,-4.735602,-28.514641,-1.485359,-0.742679,False
2020-11-09,-31.000000,-26.059852,0.068916,-0.229667,0.864551,2.535144,-0.985289,-4.735602,-28.541799,-2.458201,-1.229101,False
2020-12-11,-30.000000,-26.150341,0.040501,-0.295645,0.976643,2.558168,-0.985289,-4.735602,-28.591565,-1.408435,-0.704217,False
2021-01-13,-31.000000,-26.243751,-0.034253,-0.272494,1.083223,2.578833,-0.985289,-4.735602,-28.609333,-2.390667,-1.195334,False
2021-02-18,-31.000000,-26.345830,-0.068522,-0.150674,1.187910,2.597785,-0.985289,-4.735602,-28.500222,-2.499778,-1.249889,False
2021-03-10,-30.000000,-26.402540,-0.044873,-0.054756,1.240325,2.606665,-0.985289,-4.735602,-28.376070,-1.623930,-0.811965,False
2021-04-07,-30.000000,-26.481935,0.018203,0.087628,1.306378,2.617108,-0.985289,-4.735602,-28.173508,-1.826492,-0.913246,False
2021-05-04,-29.000000,-26.558494,0.064788,0.206357,1.361596,2.624974,-0.985289,-4.735602,-28.021669,-0.978331,-0.489165,False
2021-06-03,-28.000000,-26.643560,0.055220,0.286125,1.412757,2.631166,-0.985289,-4.735602,-27.979182,-0.020818,-0.010409,False
2021-07-02,-28.704906,-26.725790,-0.005815,0.292366,1.451650,2.634599,-0.985289,-4.735602,-28.073881,-0.631026,-0.315513,False
2021-08-03,-31.000000,-26.816527,-0.064565,0.216933,1.482169,2.635469,-0.985289,-4.735602,-28.267412,-2.732588,-1.366294,False
2021-09-10,-30.000000,-26.924277,-0.042061,0.047155,1.501164,2.632525,-0.985289,-4.735602,-28.506385,-1.493615,-0.746807,False
2021-10-07,-30.000000,-27.000836,0.019358,-0.090083,1.503153,2.627811,-0.985289,-4.735602,-28.661488,-1.338512,-0.669256,False
2021-11-04,-31.000000,-27.080230,0.066026,-0.211867,1.495096,2.620628,-0.985289,-4.735602,-28.831239,-2.168761,-1.084381,False
2021-12-03,-28.881847,-27.162461,0.054481,-0.286854,1.475948,2.610730,-0.985289,-4.735602,-29.029047,0.147200,0.073600,False
2022-01-01,-29.630824,-27.244691,-0.007009,-0.291826,1.445948,2.598341,-0.985289,-4.735602,-29.220128,-0.410696,-0.205348,False
2022-02-01,-29.503245,-27.332592,-0.064104,-0.218693,1.402129,2.582356,-0.985289,-4.735602,-29.351795,-0.151450,-0.075725,False
2022-03-01,-29.408414,-27.411987,-0.058990,-0.099421,1.352413,2.565498,-0.985289,-4.735602,-29.373378,-0.035036,-0.017518,False
2022-04-01,-29.368333,-27.499888,0.004020,0.057713,1.286573,2.544171,-0.985289,-4.735602,-29.328301,-0.040032,-0.020016,False
2022-05-01,-29.417081,-27.584954,0.061799,0.194930,1.212559,2.520892,-0.985289,-4.735602,-29.315665,-0.101416,-0.050708,False
2022-06-01,-29.563069,-27.672855,0.058013,0.282996,1.126063,2.494132,-0.985289,-4.735602,-29.432542,-0.130527,-0.065263,False
2022-07-01,-29.789656,-27.757921,-0.003421,0.293382,1.033341,2.465645,-0.985289,-4.735602,-29.689865,-0.099791,-0.049896,False
2022-08-01,-30.074199,-27.845822,-0.062609,0.223875,0.928995,2.433565,-0.985289,-4.735602,-30.042886,-0.031312,-0.015656,False
2022-09-01,-30.391134,-27.933723,-0.056997,0.092114,0.816845,2.398830,-0.985289,-4.735602,-30.403822,0.012687,0.006344,False
2022-10-01,-30.720869,-28.018789,0.005217,-0.060234,0.701768,2.362726,-0.985289,-4.735602,-30.730202,0.009333,0.004667,False
2022-11-01,-31.048751,-28.106690,0.063378,-0.200711,0.577066,2.322884,-0.985289,-4.735602,-31.064964,0.016212,0.008106,False
2022-12-01,-31.358918,-28.191756,0.057340,-0.283809,0.451759,2.281915,-0.985289,-4.735602,-31.405442,0.046525,0.023262,False
2023-01-01,-31.648815,-28.279657,-0.007009,-0.291826,0.318553,2.237132,-0.985289,-4.735602,-31.743699,0.094883,0.047442,False
2023-02-22,-32.192009,-28.427104,-0.066137,-0.132567,0.089678,2.156562,-0.985289,-4.735602,-32.100459,-0.091549,-0.045775,False
2023-03-15,-32.261066,-28.486650,-0.035078,-0.029305,-0.003660,2.122134,-0.985289,-4.735602,-32.153450,-0.107616,-0.053808,False
2023-04-11,-32.349854,-28.563209,0.027264,0.107072,-0.123594,2.076312,-0.985289,-4.735602,-32.197047,-0.152807,-0.076404,False
2023-05-10,-32.445219,-28.645439,0.068671,0.227532,-0.251514,2.025183,-0.985289,-4.735602,-32.296458,-0.148761,-0.074380,False
2023-06-13,-33.557026,-28.741847,0.037636,0.296623,-0.399066,1.962783,-0.985289,-4.735602,-32.564763,-0.992263,-0.496131,False
2023-07-11,-33.649102,-28.821242,-0.026711,0.279376,-0.517617,1.909457,-0.985289,-4.735602,-32.897627,-0.751474,-0.375737,False
2023-08-15,-32.764197,-28.920485,-0.069653,0.170187,-0.660722,1.840417,-0.985289,-4.735602,-33.361148,0.596950,0.298475,False
2023-09-06,-32.836543,-28.982867,-0.049289,0.067341,-0.747147,1.795705,-0.985289,-4.735602,-33.637148,0.800605,0.400303,False
2023-10-02,-34.922043,-29.056590,0.007606,-0.065262,-0.845181,1.741593,-0.985289,-4.735602,-33.938725,-0.983318,-0.491659,False
2023-11-15,-35.066734,-29.181353,0.069580,-0.247729,-0.999413,1.647000,-0.985289,-4.735602,-34.432805,-0.633929,-0.316964,False
2023-12-13,-32.158810,-29.260748,0.036621,-0.296919,-1.088912,1.584907,-0.985289,-4.735602,-34.745942,2.587132,1.293566,False
2024-01-01,-34.508987,-29.314623,-0.007009,-0.291826,-1.145429,1.541966,-0.985289,-4.735602,-34.937812,0.428825,0.214413,False
2024-02-05,-35.336386,-29.413595,-0.067186,-0.204529,-1.239707,1.461448,-0.985289,-4.735602,-35.184460,-0.151926,-0.075963,False
2024-03-06,-35.435040,-29.498429,-0.050425,-0.070732,-1.310045,1.390820,-0.985289,-4.735602,-35.259700,-0.175340,-0.087670,False
2024-04-17,-34.573154,-29.617195,0.041217,0.138493,-1.391186,1.289585,-0.985289,-4.735602,-35.259976,0.686822,0.343411,False
2024-05-15,-34.665230,-29.696373,0.069660,0.245203,-1.433496,1.220655,-0.985289,-4.735602,-35.315240,0.650010,0.325005,False
2024-06-13,-37.760595,-29.778378,0.036515,0.296949,-1.467012,1.148127,-0.985289,-4.735602,-35.484691,-2.275905,-1.137952,False
2024-07-10,-34.849383,-29.854728,-0.025550,0.280316,-1.488577,1.079619,-0.985289,-4.735602,-35.729811,0.880428,0.440214,False
2024-08-06,-33.938171,-29.931078,-0.067186,0.204529,-1.500705,1.010224,-0.985289,-4.735602,-36.005108,2.066937,1.033469,False
2024-09-04,-34.033536,-30.013084,-0.052046,0.075704,-1.503134,0.934764,-0.985289,-4.735602,-36.278687,2.245151,1.122576,False
2024-10-01,-34.122324,-30.089434,0.005818,-0.061499,-1.495514,0.863709,-0.985289,-4.735602,-36.497811,2.375487,1.187744,False
2024-11-13,-34.263727,-30.211028,0.069676,-0.242237,-1.463847,0.749104,-0.985289,-4.735602,-36.819223,2.555496,1.277748,False
2024-12-04,-34.332784,-30.270412,0.052833,-0.288352,-1.439787,0.692552,-0.985289,-4.735602,-36.974057,2.641273,1.320636,False
2025-01-01,-34.892060,-30.349589,-0.007009,-0.291826,-1.399137,0.616617,-0.985289,-4.735602,-37.151835,2.259776,1.129888,False
2025-02-20,-35.589283,-30.491365,-0.067490,-0.141705,-1.302739,0.479330,-0.985289,-4.735602,-37.244860,1.655577,0.827789,False
2025-03-12,-35.655051,-30.548076,-0.041099,-0.044614,-1.256078,0.424012,-0.985289,-4.735602,-37.186745,1.531694,0.765847,False
2025-04-09,-36.747128,-30.627471,0.022787,0.097408,-1.183409,0.346250,-0.985289,-4.735602,-37.065325,0.318198,0.159099,False
2025-05-07,-36.839204,-30.706865,0.067087,0.217234,-1.102628,0.268180,-0.985289,-4.735602,-36.977883,0.138679,0.069339,False
2025-06-04,-34.931281,-30.786260,0.053725,0.287562,-1.014289,0.189871,-0.985289,-4.735602,-36.990282,2.059001,1.029500,False
2025-07-09,-36.046376,-30.885503,-0.022219,0.282855,-0.894163,0.091755,-0.985289,-4.735602,-37.148166,1.101790,0.550895,False
2025-08-06,-35.138452,-30.964898,-0.066923,0.206039,-0.791104,0.013165,-0.985289,-4.735602,-37.324611,2.186158,1.093079,False
2025-09-17,-36.276567,-31.083990,-0.027587,0.011349,-0.626578,-0.104721,-0.985289,-4.735602,-37.552417,1.275850,0.637925,False
2025-10-02,-36.325894,-31.126523,0.007606,-0.065262,-0.565342,-0.146785,-0.985289,-4.735602,-37.617197,1.291303,0.645651,False
